experiment_accession	assay	gene_id	specificity_score	marker_gene_rank	expression_unit	expression_level	gene_name	assay_id
E-GEOD-62671	zeitgeber time 0	CHLRE_09g394325v5	0.136	1	tpms	365	Cre09.g394325	g1
E-GEOD-62671	zeitgeber time 12	CHLRE_09g394325v5	NULL	NULL	tpms	2	Cre09.g394325	g2
E-GEOD-62671	zeitgeber time 15	CHLRE_09g394325v5	NULL	NULL	tpms	2	Cre09.g394325	g3
E-GEOD-62671	zeitgeber time 18	CHLRE_09g394325v5	NULL	NULL	tpms	27	Cre09.g394325	g4
E-GEOD-62671	zeitgeber time 21	CHLRE_09g394325v5	NULL	NULL	tpms	50	Cre09.g394325	g5
E-GEOD-62671	zeitgeber time 3	CHLRE_09g394325v5	NULL	NULL	tpms	39	Cre09.g394325	g6
E-GEOD-62671	zeitgeber time 6	CHLRE_09g394325v5	NULL	NULL	tpms	19	Cre09.g394325	g7
E-GEOD-62671	zeitgeber time 9	CHLRE_09g394325v5	NULL	NULL	tpms	2	Cre09.g394325	g8
E-GEOD-62671	zeitgeber time 0	CHLRE_14g615350v5	0.2637	2	tpms	5	Cre14.g615350	g1
E-GEOD-62671	zeitgeber time 12	CHLRE_14g615350v5	NULL	NULL	tpms	0	Cre14.g615350	g2
E-GEOD-62671	zeitgeber time 15	CHLRE_14g615350v5	NULL	NULL	tpms	0	Cre14.g615350	g3
E-GEOD-62671	zeitgeber time 18	CHLRE_14g615350v5	NULL	NULL	tpms	0.6	Cre14.g615350	g4
E-GEOD-62671	zeitgeber time 21	CHLRE_14g615350v5	NULL	NULL	tpms	0.5	Cre14.g615350	g5
E-GEOD-62671	zeitgeber time 3	CHLRE_14g615350v5	NULL	NULL	tpms	1	Cre14.g615350	g6
E-GEOD-62671	zeitgeber time 6	CHLRE_14g615350v5	NULL	NULL	tpms	0.7	Cre14.g615350	g7
E-GEOD-62671	zeitgeber time 9	CHLRE_14g615350v5	NULL	NULL	tpms	0.2	Cre14.g615350	g8
E-GEOD-62671	zeitgeber time 0	CHLRE_17g728350v5	0.2714	3	tpms	2	Cre17.g728350	g1
E-GEOD-62671	zeitgeber time 12	CHLRE_17g728350v5	NULL	NULL	tpms	0	Cre17.g728350	g2
E-GEOD-62671	zeitgeber time 15	CHLRE_17g728350v5	NULL	NULL	tpms	0	Cre17.g728350	g3
E-GEOD-62671	zeitgeber time 18	CHLRE_17g728350v5	NULL	NULL	tpms	0.2	Cre17.g728350	g4
E-GEOD-62671	zeitgeber time 21	CHLRE_17g728350v5	NULL	NULL	tpms	0.6	Cre17.g728350	g5
E-GEOD-62671	zeitgeber time 3	CHLRE_17g728350v5	NULL	NULL	tpms	0.6	Cre17.g728350	g6
E-GEOD-62671	zeitgeber time 6	CHLRE_17g728350v5	NULL	NULL	tpms	0.6	Cre17.g728350	g7
E-GEOD-62671	zeitgeber time 9	CHLRE_17g728350v5	NULL	NULL	tpms	0.4	Cre17.g728350	g8
E-GEOD-62671	zeitgeber time 0	CHLRE_10g464900v5	0.2879	4	tpms	24	Cre10.g464900	g1
E-GEOD-62671	zeitgeber time 12	CHLRE_10g464900v5	NULL	NULL	tpms	0.5	Cre10.g464900	g2
E-GEOD-62671	zeitgeber time 15	CHLRE_10g464900v5	NULL	NULL	tpms	1	Cre10.g464900	g3
E-GEOD-62671	zeitgeber time 18	CHLRE_10g464900v5	NULL	NULL	tpms	5	Cre10.g464900	g4
E-GEOD-62671	zeitgeber time 21	CHLRE_10g464900v5	NULL	NULL	tpms	5	Cre10.g464900	g5
E-GEOD-62671	zeitgeber time 3	CHLRE_10g464900v5	NULL	NULL	tpms	7	Cre10.g464900	g6
E-GEOD-62671	zeitgeber time 6	CHLRE_10g464900v5	NULL	NULL	tpms	5	Cre10.g464900	g7
E-GEOD-62671	zeitgeber time 9	CHLRE_10g464900v5	NULL	NULL	tpms	1	Cre10.g464900	g8
E-GEOD-62671	zeitgeber time 0	CHLRE_17g709750v5	NULL	NULL	tpms	0	Cre17.g709750	g1
E-GEOD-62671	zeitgeber time 12	CHLRE_17g709750v5	0.1907	1	tpms	13	Cre17.g709750	g2
E-GEOD-62671	zeitgeber time 15	CHLRE_17g709750v5	NULL	NULL	tpms	3	Cre17.g709750	g3
E-GEOD-62671	zeitgeber time 18	CHLRE_17g709750v5	NULL	NULL	tpms	0.2	Cre17.g709750	g4
E-GEOD-62671	zeitgeber time 21	CHLRE_17g709750v5	NULL	NULL	tpms	0.5	Cre17.g709750	g5
E-GEOD-62671	zeitgeber time 3	CHLRE_17g709750v5	NULL	NULL	tpms	0.1	Cre17.g709750	g6
E-GEOD-62671	zeitgeber time 6	CHLRE_17g709750v5	NULL	NULL	tpms	0.2	Cre17.g709750	g7
E-GEOD-62671	zeitgeber time 9	CHLRE_17g709750v5	NULL	NULL	tpms	0.8	Cre17.g709750	g8
E-GEOD-62671	zeitgeber time 0	CHLRE_06g270450v5	NULL	NULL	tpms	4	Cre06.g270450	g1
E-GEOD-62671	zeitgeber time 12	CHLRE_06g270450v5	0.248	2	tpms	69	Cre06.g270450	g2
E-GEOD-62671	zeitgeber time 15	CHLRE_06g270450v5	NULL	NULL	tpms	12	Cre06.g270450	g3
E-GEOD-62671	zeitgeber time 18	CHLRE_06g270450v5	NULL	NULL	tpms	2	Cre06.g270450	g4
E-GEOD-62671	zeitgeber time 21	CHLRE_06g270450v5	NULL	NULL	tpms	6	Cre06.g270450	g5
E-GEOD-62671	zeitgeber time 3	CHLRE_06g270450v5	NULL	NULL	tpms	8	Cre06.g270450	g6
E-GEOD-62671	zeitgeber time 6	CHLRE_06g270450v5	NULL	NULL	tpms	17	Cre06.g270450	g7
E-GEOD-62671	zeitgeber time 9	CHLRE_06g270450v5	NULL	NULL	tpms	11	Cre06.g270450	g8
E-GEOD-62671	zeitgeber time 0	CHLRE_09g390150v5	NULL	NULL	tpms	0.2	Cre09.g390150	g1
E-GEOD-62671	zeitgeber time 12	CHLRE_09g390150v5	0.2584	3	tpms	8	Cre09.g390150	g2
E-GEOD-62671	zeitgeber time 15	CHLRE_09g390150v5	NULL	NULL	tpms	2	Cre09.g390150	g3
E-GEOD-62671	zeitgeber time 18	CHLRE_09g390150v5	NULL	NULL	tpms	0.1	Cre09.g390150	g4
E-GEOD-62671	zeitgeber time 21	CHLRE_09g390150v5	NULL	NULL	tpms	2	Cre09.g390150	g5
E-GEOD-62671	zeitgeber time 3	CHLRE_09g390150v5	NULL	NULL	tpms	1	Cre09.g390150	g6
E-GEOD-62671	zeitgeber time 6	CHLRE_09g390150v5	NULL	NULL	tpms	2	Cre09.g390150	g7
E-GEOD-62671	zeitgeber time 9	CHLRE_09g390150v5	NULL	NULL	tpms	0.8	Cre09.g390150	g8
E-GEOD-62671	zeitgeber time 0	CHLRE_04g217941v5	NULL	NULL	tpms	0	Cre04.g217941	g1
E-GEOD-62671	zeitgeber time 12	CHLRE_04g217941v5	0.2593	4	tpms	2	Cre04.g217941	g2
E-GEOD-62671	zeitgeber time 15	CHLRE_04g217941v5	NULL	NULL	tpms	0.2	Cre04.g217941	g3
E-GEOD-62671	zeitgeber time 18	CHLRE_04g217941v5	NULL	NULL	tpms	0	Cre04.g217941	g4
E-GEOD-62671	zeitgeber time 21	CHLRE_04g217941v5	NULL	NULL	tpms	0.2	Cre04.g217941	g5
E-GEOD-62671	zeitgeber time 3	CHLRE_04g217941v5	NULL	NULL	tpms	0.1	Cre04.g217941	g6
E-GEOD-62671	zeitgeber time 6	CHLRE_04g217941v5	NULL	NULL	tpms	0.6	Cre04.g217941	g7
E-GEOD-62671	zeitgeber time 9	CHLRE_04g217941v5	NULL	NULL	tpms	0.3	Cre04.g217941	g8
E-GEOD-62671	zeitgeber time 0	CHLRE_11g467686v5	NULL	NULL	tpms	0	Cre11.g467686	g1
E-GEOD-62671	zeitgeber time 12	CHLRE_11g467686v5	0.2647	5	tpms	3	Cre11.g467686	g2
E-GEOD-62671	zeitgeber time 15	CHLRE_11g467686v5	NULL	NULL	tpms	0.4	Cre11.g467686	g3
E-GEOD-62671	zeitgeber time 18	CHLRE_11g467686v5	NULL	NULL	tpms	0.1	Cre11.g467686	g4
E-GEOD-62671	zeitgeber time 21	CHLRE_11g467686v5	NULL	NULL	tpms	0	Cre11.g467686	g5
E-GEOD-62671	zeitgeber time 3	CHLRE_11g467686v5	NULL	NULL	tpms	0.1	Cre11.g467686	g6
E-GEOD-62671	zeitgeber time 6	CHLRE_11g467686v5	NULL	NULL	tpms	0.3	Cre11.g467686	g7
E-GEOD-62671	zeitgeber time 9	CHLRE_11g467686v5	NULL	NULL	tpms	0.7	Cre11.g467686	g8
E-GEOD-62671	zeitgeber time 0	CHLRE_11g478025v5	NULL	NULL	tpms	0.1	Cre11.g478025	g1
E-GEOD-62671	zeitgeber time 12	CHLRE_11g478025v5	0.2767	6	tpms	8	Cre11.g478025	g2
E-GEOD-62671	zeitgeber time 15	CHLRE_11g478025v5	NULL	NULL	tpms	2	Cre11.g478025	g3
E-GEOD-62671	zeitgeber time 18	CHLRE_11g478025v5	NULL	NULL	tpms	0.3	Cre11.g478025	g4
E-GEOD-62671	zeitgeber time 21	CHLRE_11g478025v5	NULL	NULL	tpms	0	Cre11.g478025	g5
E-GEOD-62671	zeitgeber time 3	CHLRE_11g478025v5	NULL	NULL	tpms	0.1	Cre11.g478025	g6
E-GEOD-62671	zeitgeber time 6	CHLRE_11g478025v5	NULL	NULL	tpms	0.8	Cre11.g478025	g7
E-GEOD-62671	zeitgeber time 9	CHLRE_11g478025v5	NULL	NULL	tpms	2	Cre11.g478025	g8
E-GEOD-62671	zeitgeber time 0	CHLRE_10g425251v5	NULL	NULL	tpms	2	Cre10.g425251	g1
E-GEOD-62671	zeitgeber time 12	CHLRE_10g425251v5	0.2967	7	tpms	9	Cre10.g425251	g2
E-GEOD-62671	zeitgeber time 15	CHLRE_10g425251v5	NULL	NULL	tpms	2	Cre10.g425251	g3
E-GEOD-62671	zeitgeber time 18	CHLRE_10g425251v5	NULL	NULL	tpms	0.1	Cre10.g425251	g4
E-GEOD-62671	zeitgeber time 21	CHLRE_10g425251v5	NULL	NULL	tpms	3	Cre10.g425251	g5
E-GEOD-62671	zeitgeber time 3	CHLRE_10g425251v5	NULL	NULL	tpms	2	Cre10.g425251	g6
E-GEOD-62671	zeitgeber time 6	CHLRE_10g425251v5	NULL	NULL	tpms	2	Cre10.g425251	g7
E-GEOD-62671	zeitgeber time 9	CHLRE_10g425251v5	NULL	NULL	tpms	3	Cre10.g425251	g8
E-GEOD-62671	zeitgeber time 0	CHLRE_10g455231v5	NULL	NULL	tpms	0.1	Cre10.g455231	g1
E-GEOD-62671	zeitgeber time 12	CHLRE_10g455231v5	0.2973	8	tpms	1	Cre10.g455231	g2
E-GEOD-62671	zeitgeber time 15	CHLRE_10g455231v5	NULL	NULL	tpms	0.4	Cre10.g455231	g3
E-GEOD-62671	zeitgeber time 18	CHLRE_10g455231v5	NULL	NULL	tpms	0.3	Cre10.g455231	g4
E-GEOD-62671	zeitgeber time 21	CHLRE_10g455231v5	NULL	NULL	tpms	0.1	Cre10.g455231	g5
E-GEOD-62671	zeitgeber time 3	CHLRE_10g455231v5	NULL	NULL	tpms	0.3	Cre10.g455231	g6
E-GEOD-62671	zeitgeber time 6	CHLRE_10g455231v5	NULL	NULL	tpms	0.3	Cre10.g455231	g7
E-GEOD-62671	zeitgeber time 9	CHLRE_10g455231v5	NULL	NULL	tpms	0.2	Cre10.g455231	g8
E-GEOD-62671	zeitgeber time 0	CHLRE_01g021800v5	NULL	NULL	tpms	0	Cre01.g021800	g1
E-GEOD-62671	zeitgeber time 12	CHLRE_01g021800v5	NULL	NULL	tpms	0.1	Cre01.g021800	g2
E-GEOD-62671	zeitgeber time 15	CHLRE_01g021800v5	NULL	NULL	tpms	0.1	Cre01.g021800	g3
E-GEOD-62671	zeitgeber time 18	CHLRE_01g021800v5	0.0742	1	tpms	2	Cre01.g021800	g4
E-GEOD-62671	zeitgeber time 21	CHLRE_01g021800v5	NULL	NULL	tpms	0	Cre01.g021800	g5
E-GEOD-62671	zeitgeber time 3	CHLRE_01g021800v5	NULL	NULL	tpms	0	Cre01.g021800	g6
E-GEOD-62671	zeitgeber time 6	CHLRE_01g021800v5	NULL	NULL	tpms	0	Cre01.g021800	g7
E-GEOD-62671	zeitgeber time 9	CHLRE_01g021800v5	NULL	NULL	tpms	0	Cre01.g021800	g8
E-GEOD-62671	zeitgeber time 0	CHLRE_06g309000v5	NULL	NULL	tpms	0.2	Cre06.g309000	g1
E-GEOD-62671	zeitgeber time 12	CHLRE_06g309000v5	NULL	NULL	tpms	0.2	Cre06.g309000	g2
E-GEOD-62671	zeitgeber time 15	CHLRE_06g309000v5	NULL	NULL	tpms	0.7	Cre06.g309000	g3
E-GEOD-62671	zeitgeber time 18	CHLRE_06g309000v5	0.1566	2	tpms	6	Cre06.g309000	g4
E-GEOD-62671	zeitgeber time 21	CHLRE_06g309000v5	NULL	NULL	tpms	0.9	Cre06.g309000	g5
E-GEOD-62671	zeitgeber time 3	CHLRE_06g309000v5	NULL	NULL	tpms	0.3	Cre06.g309000	g6
E-GEOD-62671	zeitgeber time 6	CHLRE_06g309000v5	NULL	NULL	tpms	0.1	Cre06.g309000	g7
E-GEOD-62671	zeitgeber time 9	CHLRE_06g309000v5	NULL	NULL	tpms	0.1	Cre06.g309000	g8
E-GEOD-62671	zeitgeber time 0	CHLRE_10g422300v5	NULL	NULL	tpms	30	Cre10.g422300	g1
E-GEOD-62671	zeitgeber time 12	CHLRE_10g422300v5	NULL	NULL	tpms	1	Cre10.g422300	g2
E-GEOD-62671	zeitgeber time 15	CHLRE_10g422300v5	NULL	NULL	tpms	33	Cre10.g422300	g3
E-GEOD-62671	zeitgeber time 18	CHLRE_10g422300v5	0.185	3	tpms	186	Cre10.g422300	g4
E-GEOD-62671	zeitgeber time 21	CHLRE_10g422300v5	NULL	NULL	tpms	34	Cre10.g422300	g5
E-GEOD-62671	zeitgeber time 3	CHLRE_10g422300v5	NULL	NULL	tpms	13	Cre10.g422300	g6
E-GEOD-62671	zeitgeber time 6	CHLRE_10g422300v5	NULL	NULL	tpms	4	Cre10.g422300	g7
E-GEOD-62671	zeitgeber time 9	CHLRE_10g422300v5	NULL	NULL	tpms	4	Cre10.g422300	g8
E-GEOD-62671	zeitgeber time 0	CHLRE_16g694809v5	NULL	NULL	tpms	0.4	Cre16.g694809	g1
E-GEOD-62671	zeitgeber time 12	CHLRE_16g694809v5	NULL	NULL	tpms	0.3	Cre16.g694809	g2
E-GEOD-62671	zeitgeber time 15	CHLRE_16g694809v5	NULL	NULL	tpms	0.4	Cre16.g694809	g3
E-GEOD-62671	zeitgeber time 18	CHLRE_16g694809v5	0.1864	4	tpms	2	Cre16.g694809	g4
E-GEOD-62671	zeitgeber time 21	CHLRE_16g694809v5	NULL	NULL	tpms	0.3	Cre16.g694809	g5
E-GEOD-62671	zeitgeber time 3	CHLRE_16g694809v5	NULL	NULL	tpms	0.4	Cre16.g694809	g6
E-GEOD-62671	zeitgeber time 6	CHLRE_16g694809v5	NULL	NULL	tpms	0.1	Cre16.g694809	g7
E-GEOD-62671	zeitgeber time 9	CHLRE_16g694809v5	NULL	NULL	tpms	0.1	Cre16.g694809	g8
E-GEOD-62671	zeitgeber time 0	CHLRE_12g492650v5	NULL	NULL	tpms	3	Cre12.g492650	g1
E-GEOD-62671	zeitgeber time 12	CHLRE_12g492650v5	NULL	NULL	tpms	0.6	Cre12.g492650	g2
E-GEOD-62671	zeitgeber time 15	CHLRE_12g492650v5	NULL	NULL	tpms	1	Cre12.g492650	g3
E-GEOD-62671	zeitgeber time 18	CHLRE_12g492650v5	0.1899	5	tpms	25	Cre12.g492650	g4
E-GEOD-62671	zeitgeber time 21	CHLRE_12g492650v5	NULL	NULL	tpms	2	Cre12.g492650	g5
E-GEOD-62671	zeitgeber time 3	CHLRE_12g492650v5	NULL	NULL	tpms	3	Cre12.g492650	g6
E-GEOD-62671	zeitgeber time 6	CHLRE_12g492650v5	NULL	NULL	tpms	2	Cre12.g492650	g7
E-GEOD-62671	zeitgeber time 9	CHLRE_12g492650v5	NULL	NULL	tpms	5	Cre12.g492650	g8
E-GEOD-62671	zeitgeber time 0	CHLRE_08g384650v5	NULL	NULL	tpms	2	Cre08.g384650	g1
E-GEOD-62671	zeitgeber time 12	CHLRE_08g384650v5	NULL	NULL	tpms	0.5	Cre08.g384650	g2
E-GEOD-62671	zeitgeber time 15	CHLRE_08g384650v5	NULL	NULL	tpms	3	Cre08.g384650	g3
E-GEOD-62671	zeitgeber time 18	CHLRE_08g384650v5	0.2166	6	tpms	26	Cre08.g384650	g4
E-GEOD-62671	zeitgeber time 21	CHLRE_08g384650v5	NULL	NULL	tpms	6	Cre08.g384650	g5
E-GEOD-62671	zeitgeber time 3	CHLRE_08g384650v5	NULL	NULL	tpms	0.3	Cre08.g384650	g6
E-GEOD-62671	zeitgeber time 6	CHLRE_08g384650v5	NULL	NULL	tpms	0.7	Cre08.g384650	g7
E-GEOD-62671	zeitgeber time 9	CHLRE_08g384650v5	NULL	NULL	tpms	2	Cre08.g384650	g8
E-GEOD-62671	zeitgeber time 0	CHLRE_03g162800v5	NULL	NULL	tpms	0.2	Cre03.g162800	g1
E-GEOD-62671	zeitgeber time 12	CHLRE_03g162800v5	NULL	NULL	tpms	0.2	Cre03.g162800	g2
E-GEOD-62671	zeitgeber time 15	CHLRE_03g162800v5	NULL	NULL	tpms	0.7	Cre03.g162800	g3
E-GEOD-62671	zeitgeber time 18	CHLRE_03g162800v5	0.2686	7	tpms	3	Cre03.g162800	g4
E-GEOD-62671	zeitgeber time 21	CHLRE_03g162800v5	NULL	NULL	tpms	0.3	Cre03.g162800	g5
E-GEOD-62671	zeitgeber time 3	CHLRE_03g162800v5	NULL	NULL	tpms	0.1	Cre03.g162800	g6
E-GEOD-62671	zeitgeber time 6	CHLRE_03g162800v5	NULL	NULL	tpms	0.1	Cre03.g162800	g7
E-GEOD-62671	zeitgeber time 9	CHLRE_03g162800v5	NULL	NULL	tpms	0	Cre03.g162800	g8
E-GEOD-62671	zeitgeber time 0	CHLRE_03g205100v5	NULL	NULL	tpms	15	Cre03.g205100	g1
E-GEOD-62671	zeitgeber time 12	CHLRE_03g205100v5	NULL	NULL	tpms	0.1	Cre03.g205100	g2
E-GEOD-62671	zeitgeber time 15	CHLRE_03g205100v5	NULL	NULL	tpms	2	Cre03.g205100	g3
E-GEOD-62671	zeitgeber time 18	CHLRE_03g205100v5	0.2734	8	tpms	53	Cre03.g205100	g4
E-GEOD-62671	zeitgeber time 21	CHLRE_03g205100v5	NULL	NULL	tpms	5	Cre03.g205100	g5
E-GEOD-62671	zeitgeber time 3	CHLRE_03g205100v5	NULL	NULL	tpms	1	Cre03.g205100	g6
E-GEOD-62671	zeitgeber time 6	CHLRE_03g205100v5	NULL	NULL	tpms	0.1	Cre03.g205100	g7
E-GEOD-62671	zeitgeber time 9	CHLRE_03g205100v5	NULL	NULL	tpms	0.1	Cre03.g205100	g8
E-GEOD-62671	zeitgeber time 0	CHLRE_04g223100v5	NULL	NULL	tpms	29		g1
E-GEOD-62671	zeitgeber time 12	CHLRE_04g223100v5	NULL	NULL	tpms	3		g2
E-GEOD-62671	zeitgeber time 15	CHLRE_04g223100v5	NULL	NULL	tpms	78		g3
E-GEOD-62671	zeitgeber time 18	CHLRE_04g223100v5	0.2769	9	tpms	281		g4
E-GEOD-62671	zeitgeber time 21	CHLRE_04g223100v5	NULL	NULL	tpms	17		g5
E-GEOD-62671	zeitgeber time 3	CHLRE_04g223100v5	NULL	NULL	tpms	7		g6
E-GEOD-62671	zeitgeber time 6	CHLRE_04g223100v5	NULL	NULL	tpms	5		g7
E-GEOD-62671	zeitgeber time 9	CHLRE_04g223100v5	NULL	NULL	tpms	26		g8
E-GEOD-62671	zeitgeber time 0	CHLRE_16g688414v5	NULL	NULL	tpms	2	Cre16.g688414	g1
E-GEOD-62671	zeitgeber time 12	CHLRE_16g688414v5	NULL	NULL	tpms	2	Cre16.g688414	g2
E-GEOD-62671	zeitgeber time 15	CHLRE_16g688414v5	NULL	NULL	tpms	3	Cre16.g688414	g3
E-GEOD-62671	zeitgeber time 18	CHLRE_16g688414v5	0.2774	10	tpms	9	Cre16.g688414	g4
E-GEOD-62671	zeitgeber time 21	CHLRE_16g688414v5	NULL	NULL	tpms	1	Cre16.g688414	g5
E-GEOD-62671	zeitgeber time 3	CHLRE_16g688414v5	NULL	NULL	tpms	1	Cre16.g688414	g6
E-GEOD-62671	zeitgeber time 6	CHLRE_16g688414v5	NULL	NULL	tpms	1	Cre16.g688414	g7
E-GEOD-62671	zeitgeber time 9	CHLRE_16g688414v5	NULL	NULL	tpms	3	Cre16.g688414	g8
E-GEOD-62671	zeitgeber time 0	CHLRE_01g055151v5	NULL	NULL	tpms	0.8	Cre01.g055151	g1
E-GEOD-62671	zeitgeber time 12	CHLRE_01g055151v5	NULL	NULL	tpms	0.6	Cre01.g055151	g2
E-GEOD-62671	zeitgeber time 15	CHLRE_01g055151v5	NULL	NULL	tpms	1	Cre01.g055151	g3
E-GEOD-62671	zeitgeber time 18	CHLRE_01g055151v5	0.2851	11	tpms	4	Cre01.g055151	g4
E-GEOD-62671	zeitgeber time 21	CHLRE_01g055151v5	NULL	NULL	tpms	0.8	Cre01.g055151	g5
E-GEOD-62671	zeitgeber time 3	CHLRE_01g055151v5	NULL	NULL	tpms	0.5	Cre01.g055151	g6
E-GEOD-62671	zeitgeber time 6	CHLRE_01g055151v5	NULL	NULL	tpms	0.3	Cre01.g055151	g7
E-GEOD-62671	zeitgeber time 9	CHLRE_01g055151v5	NULL	NULL	tpms	0.3	Cre01.g055151	g8
E-GEOD-62671	zeitgeber time 0	CHLRE_12g492600v5	NULL	NULL	tpms	1	Cre12.g492600	g1
E-GEOD-62671	zeitgeber time 12	CHLRE_12g492600v5	NULL	NULL	tpms	0.2	Cre12.g492600	g2
E-GEOD-62671	zeitgeber time 15	CHLRE_12g492600v5	NULL	NULL	tpms	0.3	Cre12.g492600	g3
E-GEOD-62671	zeitgeber time 18	CHLRE_12g492600v5	0.297	12	tpms	9	Cre12.g492600	g4
E-GEOD-62671	zeitgeber time 21	CHLRE_12g492600v5	NULL	NULL	tpms	1	Cre12.g492600	g5
E-GEOD-62671	zeitgeber time 3	CHLRE_12g492600v5	NULL	NULL	tpms	2	Cre12.g492600	g6
E-GEOD-62671	zeitgeber time 6	CHLRE_12g492600v5	NULL	NULL	tpms	3	Cre12.g492600	g7
E-GEOD-62671	zeitgeber time 9	CHLRE_12g492600v5	NULL	NULL	tpms	3	Cre12.g492600	g8
E-GEOD-62671	zeitgeber time 0	CHLRE_06g297049v5	NULL	NULL	tpms	4	Cre06.g297049	g1
E-GEOD-62671	zeitgeber time 12	CHLRE_06g297049v5	NULL	NULL	tpms	0.2	Cre06.g297049	g2
E-GEOD-62671	zeitgeber time 15	CHLRE_06g297049v5	NULL	NULL	tpms	0.2	Cre06.g297049	g3
E-GEOD-62671	zeitgeber time 18	CHLRE_06g297049v5	NULL	NULL	tpms	0.2	Cre06.g297049	g4
E-GEOD-62671	zeitgeber time 21	CHLRE_06g297049v5	0.023	1	tpms	157	Cre06.g297049	g5
E-GEOD-62671	zeitgeber time 3	CHLRE_06g297049v5	NULL	NULL	tpms	0.5	Cre06.g297049	g6
E-GEOD-62671	zeitgeber time 6	CHLRE_06g297049v5	NULL	NULL	tpms	1	Cre06.g297049	g7
E-GEOD-62671	zeitgeber time 9	CHLRE_06g297049v5	NULL	NULL	tpms	0.4	Cre06.g297049	g8
E-GEOD-62671	zeitgeber time 0	CHLRE_07g318800v5	NULL	NULL	tpms	2	Cre07.g318800	g1
E-GEOD-62671	zeitgeber time 12	CHLRE_07g318800v5	NULL	NULL	tpms	0.7	Cre07.g318800	g2
E-GEOD-62671	zeitgeber time 15	CHLRE_07g318800v5	NULL	NULL	tpms	1	Cre07.g318800	g3
E-GEOD-62671	zeitgeber time 18	CHLRE_07g318800v5	NULL	NULL	tpms	1	Cre07.g318800	g4
E-GEOD-62671	zeitgeber time 21	CHLRE_07g318800v5	0.0238	2	tpms	98	Cre07.g318800	g5
E-GEOD-62671	zeitgeber time 3	CHLRE_07g318800v5	NULL	NULL	tpms	2	Cre07.g318800	g6
E-GEOD-62671	zeitgeber time 6	CHLRE_07g318800v5	NULL	NULL	tpms	2	Cre07.g318800	g7
E-GEOD-62671	zeitgeber time 9	CHLRE_07g318800v5	NULL	NULL	tpms	1	Cre07.g318800	g8
E-GEOD-62671	zeitgeber time 0	CHLRE_03g146667v5	NULL	NULL	tpms	2	Cre03.g146667	g1
E-GEOD-62671	zeitgeber time 12	CHLRE_03g146667v5	NULL	NULL	tpms	0.5	Cre03.g146667	g2
E-GEOD-62671	zeitgeber time 15	CHLRE_03g146667v5	NULL	NULL	tpms	0.9	Cre03.g146667	g3
E-GEOD-62671	zeitgeber time 18	CHLRE_03g146667v5	NULL	NULL	tpms	0.2	Cre03.g146667	g4
E-GEOD-62671	zeitgeber time 21	CHLRE_03g146667v5	0.0274	3	tpms	71	Cre03.g146667	g5
E-GEOD-62671	zeitgeber time 3	CHLRE_03g146667v5	NULL	NULL	tpms	0.5	Cre03.g146667	g6
E-GEOD-62671	zeitgeber time 6	CHLRE_03g146667v5	NULL	NULL	tpms	1	Cre03.g146667	g7
E-GEOD-62671	zeitgeber time 9	CHLRE_03g146667v5	NULL	NULL	tpms	0.3	Cre03.g146667	g8
E-GEOD-62671	zeitgeber time 0	CHLRE_14g616826v5	NULL	NULL	tpms	0.1	Cre14.g616826	g1
E-GEOD-62671	zeitgeber time 12	CHLRE_14g616826v5	NULL	NULL	tpms	0.1	Cre14.g616826	g2
E-GEOD-62671	zeitgeber time 15	CHLRE_14g616826v5	NULL	NULL	tpms	0	Cre14.g616826	g3
E-GEOD-62671	zeitgeber time 18	CHLRE_14g616826v5	NULL	NULL	tpms	0.2	Cre14.g616826	g4
E-GEOD-62671	zeitgeber time 21	CHLRE_14g616826v5	0.032	4	tpms	8	Cre14.g616826	g5
E-GEOD-62671	zeitgeber time 3	CHLRE_14g616826v5	NULL	NULL	tpms	0.2	Cre14.g616826	g6
E-GEOD-62671	zeitgeber time 6	CHLRE_14g616826v5	NULL	NULL	tpms	0.1	Cre14.g616826	g7
E-GEOD-62671	zeitgeber time 9	CHLRE_14g616826v5	NULL	NULL	tpms	0.2	Cre14.g616826	g8
E-GEOD-62671	zeitgeber time 0	CHLRE_17g713700v5	NULL	NULL	tpms	0.2	Cre17.g713700	g1
E-GEOD-62671	zeitgeber time 12	CHLRE_17g713700v5	NULL	NULL	tpms	0.1	Cre17.g713700	g2
E-GEOD-62671	zeitgeber time 15	CHLRE_17g713700v5	NULL	NULL	tpms	0.1	Cre17.g713700	g3
E-GEOD-62671	zeitgeber time 18	CHLRE_17g713700v5	NULL	NULL	tpms	0	Cre17.g713700	g4
E-GEOD-62671	zeitgeber time 21	CHLRE_17g713700v5	0.0338	5	tpms	6	Cre17.g713700	g5
E-GEOD-62671	zeitgeber time 3	CHLRE_17g713700v5	NULL	NULL	tpms	0.1	Cre17.g713700	g6
E-GEOD-62671	zeitgeber time 6	CHLRE_17g713700v5	NULL	NULL	tpms	0	Cre17.g713700	g7
E-GEOD-62671	zeitgeber time 9	CHLRE_17g713700v5	NULL	NULL	tpms	0.1	Cre17.g713700	g8
E-GEOD-62671	zeitgeber time 0	CHLRE_16g652800v5	NULL	NULL	tpms	1	Cre16.g652800	g1
E-GEOD-62671	zeitgeber time 12	CHLRE_16g652800v5	NULL	NULL	tpms	0.3	Cre16.g652800	g2
E-GEOD-62671	zeitgeber time 15	CHLRE_16g652800v5	NULL	NULL	tpms	0.7	Cre16.g652800	g3
E-GEOD-62671	zeitgeber time 18	CHLRE_16g652800v5	NULL	NULL	tpms	0.4	Cre16.g652800	g4
E-GEOD-62671	zeitgeber time 21	CHLRE_16g652800v5	0.0351	6	tpms	28	Cre16.g652800	g5
E-GEOD-62671	zeitgeber time 3	CHLRE_16g652800v5	NULL	NULL	tpms	0.1	Cre16.g652800	g6
E-GEOD-62671	zeitgeber time 6	CHLRE_16g652800v5	NULL	NULL	tpms	0.1	Cre16.g652800	g7
E-GEOD-62671	zeitgeber time 9	CHLRE_16g652800v5	NULL	NULL	tpms	0.2	Cre16.g652800	g8
E-GEOD-62671	zeitgeber time 0	CHLRE_12g557750v5	NULL	NULL	tpms	3	Cre12.g557750	g1
E-GEOD-62671	zeitgeber time 12	CHLRE_12g557750v5	NULL	NULL	tpms	0.9	Cre12.g557750	g2
E-GEOD-62671	zeitgeber time 15	CHLRE_12g557750v5	NULL	NULL	tpms	0.8	Cre12.g557750	g3
E-GEOD-62671	zeitgeber time 18	CHLRE_12g557750v5	NULL	NULL	tpms	0.4	Cre12.g557750	g4
E-GEOD-62671	zeitgeber time 21	CHLRE_12g557750v5	0.044	7	tpms	67	Cre12.g557750	g5
E-GEOD-62671	zeitgeber time 3	CHLRE_12g557750v5	NULL	NULL	tpms	0.6	Cre12.g557750	g6
E-GEOD-62671	zeitgeber time 6	CHLRE_12g557750v5	NULL	NULL	tpms	0.9	Cre12.g557750	g7
E-GEOD-62671	zeitgeber time 9	CHLRE_12g557750v5	NULL	NULL	tpms	0.5	Cre12.g557750	g8
E-GEOD-62671	zeitgeber time 0	CHLRE_01g004750v5	NULL	NULL	tpms	0.3	Cre01.g004750	g1
E-GEOD-62671	zeitgeber time 12	CHLRE_01g004750v5	NULL	NULL	tpms	0.7	Cre01.g004750	g2
E-GEOD-62671	zeitgeber time 15	CHLRE_01g004750v5	NULL	NULL	tpms	0.7	Cre01.g004750	g3
E-GEOD-62671	zeitgeber time 18	CHLRE_01g004750v5	NULL	NULL	tpms	0	Cre01.g004750	g4
E-GEOD-62671	zeitgeber time 21	CHLRE_01g004750v5	0.0491	8	tpms	15	Cre01.g004750	g5
E-GEOD-62671	zeitgeber time 3	CHLRE_01g004750v5	NULL	NULL	tpms	0.3	Cre01.g004750	g6
E-GEOD-62671	zeitgeber time 6	CHLRE_01g004750v5	NULL	NULL	tpms	0.2	Cre01.g004750	g7
E-GEOD-62671	zeitgeber time 9	CHLRE_01g004750v5	NULL	NULL	tpms	0	Cre01.g004750	g8
E-GEOD-62671	zeitgeber time 0	CHLRE_07g318850v5	NULL	NULL	tpms	0.9	Cre07.g318850	g1
E-GEOD-62671	zeitgeber time 12	CHLRE_07g318850v5	NULL	NULL	tpms	0.9	Cre07.g318850	g2
E-GEOD-62671	zeitgeber time 15	CHLRE_07g318850v5	NULL	NULL	tpms	0.7	Cre07.g318850	g3
E-GEOD-62671	zeitgeber time 18	CHLRE_07g318850v5	NULL	NULL	tpms	0.2	Cre07.g318850	g4
E-GEOD-62671	zeitgeber time 21	CHLRE_07g318850v5	0.0514	9	tpms	23	Cre07.g318850	g5
E-GEOD-62671	zeitgeber time 3	CHLRE_07g318850v5	NULL	NULL	tpms	1	Cre07.g318850	g6
E-GEOD-62671	zeitgeber time 6	CHLRE_07g318850v5	NULL	NULL	tpms	0.7	Cre07.g318850	g7
E-GEOD-62671	zeitgeber time 9	CHLRE_07g318850v5	NULL	NULL	tpms	0.7	Cre07.g318850	g8
E-GEOD-62671	zeitgeber time 0	CHLRE_09g392251v5	NULL	NULL	tpms	1	Cre09.g392251	g1
E-GEOD-62671	zeitgeber time 12	CHLRE_09g392251v5	NULL	NULL	tpms	0.6	Cre09.g392251	g2
E-GEOD-62671	zeitgeber time 15	CHLRE_09g392251v5	NULL	NULL	tpms	0.2	Cre09.g392251	g3
E-GEOD-62671	zeitgeber time 18	CHLRE_09g392251v5	NULL	NULL	tpms	0.6	Cre09.g392251	g4
E-GEOD-62671	zeitgeber time 21	CHLRE_09g392251v5	0.0693	10	tpms	20	Cre09.g392251	g5
E-GEOD-62671	zeitgeber time 3	CHLRE_09g392251v5	NULL	NULL	tpms	0.5	Cre09.g392251	g6
E-GEOD-62671	zeitgeber time 6	CHLRE_09g392251v5	NULL	NULL	tpms	1	Cre09.g392251	g7
E-GEOD-62671	zeitgeber time 9	CHLRE_09g392251v5	NULL	NULL	tpms	0.7	Cre09.g392251	g8
E-GEOD-62671	zeitgeber time 0	CHLRE_02g095137v5	NULL	NULL	tpms	3	Cre02.g095137	g1
E-GEOD-62671	zeitgeber time 12	CHLRE_02g095137v5	NULL	NULL	tpms	1	Cre02.g095137	g2
E-GEOD-62671	zeitgeber time 15	CHLRE_02g095137v5	NULL	NULL	tpms	0.8	Cre02.g095137	g3
E-GEOD-62671	zeitgeber time 18	CHLRE_02g095137v5	NULL	NULL	tpms	1	Cre02.g095137	g4
E-GEOD-62671	zeitgeber time 21	CHLRE_02g095137v5	0.071	11	tpms	52	Cre02.g095137	g5
E-GEOD-62671	zeitgeber time 3	CHLRE_02g095137v5	NULL	NULL	tpms	2	Cre02.g095137	g6
E-GEOD-62671	zeitgeber time 6	CHLRE_02g095137v5	NULL	NULL	tpms	4	Cre02.g095137	g7
E-GEOD-62671	zeitgeber time 9	CHLRE_02g095137v5	NULL	NULL	tpms	2	Cre02.g095137	g8
E-GEOD-62671	zeitgeber time 0	CHLRE_06g262150v5	NULL	NULL	tpms	0.2	Cre06.g262150	g1
E-GEOD-62671	zeitgeber time 12	CHLRE_06g262150v5	NULL	NULL	tpms	0.3	Cre06.g262150	g2
E-GEOD-62671	zeitgeber time 15	CHLRE_06g262150v5	NULL	NULL	tpms	0.1	Cre06.g262150	g3
E-GEOD-62671	zeitgeber time 18	CHLRE_06g262150v5	NULL	NULL	tpms	0	Cre06.g262150	g4
E-GEOD-62671	zeitgeber time 21	CHLRE_06g262150v5	0.0726	12	tpms	5	Cre06.g262150	g5
E-GEOD-62671	zeitgeber time 3	CHLRE_06g262150v5	NULL	NULL	tpms	0.2	Cre06.g262150	g6
E-GEOD-62671	zeitgeber time 6	CHLRE_06g262150v5	NULL	NULL	tpms	0.2	Cre06.g262150	g7
E-GEOD-62671	zeitgeber time 9	CHLRE_06g262150v5	NULL	NULL	tpms	0.3	Cre06.g262150	g8
E-GEOD-62671	zeitgeber time 0	CHLRE_03g163950v5	NULL	NULL	tpms	2	Cre03.g163950	g1
E-GEOD-62671	zeitgeber time 12	CHLRE_03g163950v5	NULL	NULL	tpms	0.5	Cre03.g163950	g2
E-GEOD-62671	zeitgeber time 15	CHLRE_03g163950v5	NULL	NULL	tpms	4	Cre03.g163950	g3
E-GEOD-62671	zeitgeber time 18	CHLRE_03g163950v5	NULL	NULL	tpms	0.9	Cre03.g163950	g4
E-GEOD-62671	zeitgeber time 21	CHLRE_03g163950v5	0.0858	13	tpms	43	Cre03.g163950	g5
E-GEOD-62671	zeitgeber time 3	CHLRE_03g163950v5	NULL	NULL	tpms	1	Cre03.g163950	g6
E-GEOD-62671	zeitgeber time 6	CHLRE_03g163950v5	NULL	NULL	tpms	2	Cre03.g163950	g7
E-GEOD-62671	zeitgeber time 9	CHLRE_03g163950v5	NULL	NULL	tpms	0.6	Cre03.g163950	g8
E-GEOD-62671	zeitgeber time 0	CHLRE_12g549650v5	NULL	NULL	tpms	0.3	Cre12.g549650	g1
E-GEOD-62671	zeitgeber time 12	CHLRE_12g549650v5	NULL	NULL	tpms	0.7	Cre12.g549650	g2
E-GEOD-62671	zeitgeber time 15	CHLRE_12g549650v5	NULL	NULL	tpms	0.1	Cre12.g549650	g3
E-GEOD-62671	zeitgeber time 18	CHLRE_12g549650v5	NULL	NULL	tpms	0	Cre12.g549650	g4
E-GEOD-62671	zeitgeber time 21	CHLRE_12g549650v5	0.1054	14	tpms	6	Cre12.g549650	g5
E-GEOD-62671	zeitgeber time 3	CHLRE_12g549650v5	NULL	NULL	tpms	0.1	Cre12.g549650	g6
E-GEOD-62671	zeitgeber time 6	CHLRE_12g549650v5	NULL	NULL	tpms	0.2	Cre12.g549650	g7
E-GEOD-62671	zeitgeber time 9	CHLRE_12g549650v5	NULL	NULL	tpms	0	Cre12.g549650	g8
E-GEOD-62671	zeitgeber time 0	CHLRE_16g679750v5	NULL	NULL	tpms	0.7	Cre16.g679750	g1
E-GEOD-62671	zeitgeber time 12	CHLRE_16g679750v5	NULL	NULL	tpms	1	Cre16.g679750	g2
E-GEOD-62671	zeitgeber time 15	CHLRE_16g679750v5	NULL	NULL	tpms	2	Cre16.g679750	g3
E-GEOD-62671	zeitgeber time 18	CHLRE_16g679750v5	NULL	NULL	tpms	0	Cre16.g679750	g4
E-GEOD-62671	zeitgeber time 21	CHLRE_16g679750v5	0.1062	15	tpms	22	Cre16.g679750	g5
E-GEOD-62671	zeitgeber time 3	CHLRE_16g679750v5	NULL	NULL	tpms	0.1	Cre16.g679750	g6
E-GEOD-62671	zeitgeber time 6	CHLRE_16g679750v5	NULL	NULL	tpms	1	Cre16.g679750	g7
E-GEOD-62671	zeitgeber time 9	CHLRE_16g679750v5	NULL	NULL	tpms	0.4	Cre16.g679750	g8
E-GEOD-62671	zeitgeber time 0	CHLRE_01g013500v5	NULL	NULL	tpms	3	Cre01.g013500	g1
E-GEOD-62671	zeitgeber time 12	CHLRE_01g013500v5	NULL	NULL	tpms	4	Cre01.g013500	g2
E-GEOD-62671	zeitgeber time 15	CHLRE_01g013500v5	NULL	NULL	tpms	4	Cre01.g013500	g3
E-GEOD-62671	zeitgeber time 18	CHLRE_01g013500v5	NULL	NULL	tpms	2	Cre01.g013500	g4
E-GEOD-62671	zeitgeber time 21	CHLRE_01g013500v5	0.1067	16	tpms	42	Cre01.g013500	g5
E-GEOD-62671	zeitgeber time 3	CHLRE_01g013500v5	NULL	NULL	tpms	1	Cre01.g013500	g6
E-GEOD-62671	zeitgeber time 6	CHLRE_01g013500v5	NULL	NULL	tpms	4	Cre01.g013500	g7
E-GEOD-62671	zeitgeber time 9	CHLRE_01g013500v5	NULL	NULL	tpms	3	Cre01.g013500	g8
E-GEOD-62671	zeitgeber time 0	CHLRE_12g518800v5	NULL	NULL	tpms	20	Cre12.g518800	g1
E-GEOD-62671	zeitgeber time 12	CHLRE_12g518800v5	NULL	NULL	tpms	7	Cre12.g518800	g2
E-GEOD-62671	zeitgeber time 15	CHLRE_12g518800v5	NULL	NULL	tpms	15	Cre12.g518800	g3
E-GEOD-62671	zeitgeber time 18	CHLRE_12g518800v5	NULL	NULL	tpms	9	Cre12.g518800	g4
E-GEOD-62671	zeitgeber time 21	CHLRE_12g518800v5	0.1068	17	tpms	183	Cre12.g518800	g5
E-GEOD-62671	zeitgeber time 3	CHLRE_12g518800v5	NULL	NULL	tpms	10	Cre12.g518800	g6
E-GEOD-62671	zeitgeber time 6	CHLRE_12g518800v5	NULL	NULL	tpms	12	Cre12.g518800	g7
E-GEOD-62671	zeitgeber time 9	CHLRE_12g518800v5	NULL	NULL	tpms	2	Cre12.g518800	g8
E-GEOD-62671	zeitgeber time 0	CHLRE_09g398051v5	NULL	NULL	tpms	0.6	Cre09.g398051	g1
E-GEOD-62671	zeitgeber time 12	CHLRE_09g398051v5	NULL	NULL	tpms	0.1	Cre09.g398051	g2
E-GEOD-62671	zeitgeber time 15	CHLRE_09g398051v5	NULL	NULL	tpms	0.2	Cre09.g398051	g3
E-GEOD-62671	zeitgeber time 18	CHLRE_09g398051v5	NULL	NULL	tpms	0.3	Cre09.g398051	g4
E-GEOD-62671	zeitgeber time 21	CHLRE_09g398051v5	0.1137	18	tpms	6	Cre09.g398051	g5
E-GEOD-62671	zeitgeber time 3	CHLRE_09g398051v5	NULL	NULL	tpms	0.1	Cre09.g398051	g6
E-GEOD-62671	zeitgeber time 6	CHLRE_09g398051v5	NULL	NULL	tpms	0.1	Cre09.g398051	g7
E-GEOD-62671	zeitgeber time 9	CHLRE_09g398051v5	NULL	NULL	tpms	0.1	Cre09.g398051	g8
E-GEOD-62671	zeitgeber time 0	CHLRE_17g739350v5	NULL	NULL	tpms	11	Cre17.g739350	g1
E-GEOD-62671	zeitgeber time 12	CHLRE_17g739350v5	NULL	NULL	tpms	4	Cre17.g739350	g2
E-GEOD-62671	zeitgeber time 15	CHLRE_17g739350v5	NULL	NULL	tpms	10	Cre17.g739350	g3
E-GEOD-62671	zeitgeber time 18	CHLRE_17g739350v5	NULL	NULL	tpms	5	Cre17.g739350	g4
E-GEOD-62671	zeitgeber time 21	CHLRE_17g739350v5	0.1165	19	tpms	105	Cre17.g739350	g5
E-GEOD-62671	zeitgeber time 3	CHLRE_17g739350v5	NULL	NULL	tpms	7	Cre17.g739350	g6
E-GEOD-62671	zeitgeber time 6	CHLRE_17g739350v5	NULL	NULL	tpms	12	Cre17.g739350	g7
E-GEOD-62671	zeitgeber time 9	CHLRE_17g739350v5	NULL	NULL	tpms	4	Cre17.g739350	g8
E-GEOD-62671	zeitgeber time 0	CHLRE_13g568500v5	NULL	NULL	tpms	28	Cre13.g568500	g1
E-GEOD-62671	zeitgeber time 12	CHLRE_13g568500v5	NULL	NULL	tpms	4	Cre13.g568500	g2
E-GEOD-62671	zeitgeber time 15	CHLRE_13g568500v5	NULL	NULL	tpms	2	Cre13.g568500	g3
E-GEOD-62671	zeitgeber time 18	CHLRE_13g568500v5	NULL	NULL	tpms	2	Cre13.g568500	g4
E-GEOD-62671	zeitgeber time 21	CHLRE_13g568500v5	0.1235	20	tpms	227	Cre13.g568500	g5
E-GEOD-62671	zeitgeber time 3	CHLRE_13g568500v5	NULL	NULL	tpms	10	Cre13.g568500	g6
E-GEOD-62671	zeitgeber time 6	CHLRE_13g568500v5	NULL	NULL	tpms	12	Cre13.g568500	g7
E-GEOD-62671	zeitgeber time 9	CHLRE_13g568500v5	NULL	NULL	tpms	4	Cre13.g568500	g8
E-GEOD-62671	zeitgeber time 0	CHLRE_12g517681v5	NULL	NULL	tpms	0.2	Cre12.g517681	g1
E-GEOD-62671	zeitgeber time 12	CHLRE_12g517681v5	NULL	NULL	tpms	0.1	Cre12.g517681	g2
E-GEOD-62671	zeitgeber time 15	CHLRE_12g517681v5	NULL	NULL	tpms	0.4	Cre12.g517681	g3
E-GEOD-62671	zeitgeber time 18	CHLRE_12g517681v5	NULL	NULL	tpms	0.7	Cre12.g517681	g4
E-GEOD-62671	zeitgeber time 21	CHLRE_12g517681v5	0.1429	21	tpms	5	Cre12.g517681	g5
E-GEOD-62671	zeitgeber time 3	CHLRE_12g517681v5	NULL	NULL	tpms	0.1	Cre12.g517681	g6
E-GEOD-62671	zeitgeber time 6	CHLRE_12g517681v5	NULL	NULL	tpms	0	Cre12.g517681	g7
E-GEOD-62671	zeitgeber time 9	CHLRE_12g517681v5	NULL	NULL	tpms	0.1	Cre12.g517681	g8
E-GEOD-62671	zeitgeber time 0	CHLRE_09g397734v5	NULL	NULL	tpms	8	Cre09.g397734	g1
E-GEOD-62671	zeitgeber time 12	CHLRE_09g397734v5	NULL	NULL	tpms	6	Cre09.g397734	g2
E-GEOD-62671	zeitgeber time 15	CHLRE_09g397734v5	NULL	NULL	tpms	5	Cre09.g397734	g3
E-GEOD-62671	zeitgeber time 18	CHLRE_09g397734v5	NULL	NULL	tpms	6	Cre09.g397734	g4
E-GEOD-62671	zeitgeber time 21	CHLRE_09g397734v5	0.144	22	tpms	56	Cre09.g397734	g5
E-GEOD-62671	zeitgeber time 3	CHLRE_09g397734v5	NULL	NULL	tpms	6	Cre09.g397734	g6
E-GEOD-62671	zeitgeber time 6	CHLRE_09g397734v5	NULL	NULL	tpms	8	Cre09.g397734	g7
E-GEOD-62671	zeitgeber time 9	CHLRE_09g397734v5	NULL	NULL	tpms	5	Cre09.g397734	g8
E-GEOD-62671	zeitgeber time 0	CHLRE_09g399912v5	NULL	NULL	tpms	4	Cre09.g399912	g1
E-GEOD-62671	zeitgeber time 12	CHLRE_09g399912v5	NULL	NULL	tpms	19	Cre09.g399912	g2
E-GEOD-62671	zeitgeber time 15	CHLRE_09g399912v5	NULL	NULL	tpms	11	Cre09.g399912	g3
E-GEOD-62671	zeitgeber time 18	CHLRE_09g399912v5	NULL	NULL	tpms	0.7	Cre09.g399912	g4
E-GEOD-62671	zeitgeber time 21	CHLRE_09g399912v5	0.1449	23	tpms	134	Cre09.g399912	g5
E-GEOD-62671	zeitgeber time 3	CHLRE_09g399912v5	NULL	NULL	tpms	2	Cre09.g399912	g6
E-GEOD-62671	zeitgeber time 6	CHLRE_09g399912v5	NULL	NULL	tpms	6	Cre09.g399912	g7
E-GEOD-62671	zeitgeber time 9	CHLRE_09g399912v5	NULL	NULL	tpms	5	Cre09.g399912	g8
E-GEOD-62671	zeitgeber time 0	CHLRE_16g678885v5	NULL	NULL	tpms	0.1	Cre16.g678885	g1
E-GEOD-62671	zeitgeber time 12	CHLRE_16g678885v5	NULL	NULL	tpms	0.8	Cre16.g678885	g2
E-GEOD-62671	zeitgeber time 15	CHLRE_16g678885v5	NULL	NULL	tpms	0.2	Cre16.g678885	g3
E-GEOD-62671	zeitgeber time 18	CHLRE_16g678885v5	NULL	NULL	tpms	0	Cre16.g678885	g4
E-GEOD-62671	zeitgeber time 21	CHLRE_16g678885v5	0.1496	24	tpms	5	Cre16.g678885	g5
E-GEOD-62671	zeitgeber time 3	CHLRE_16g678885v5	NULL	NULL	tpms	0.2	Cre16.g678885	g6
E-GEOD-62671	zeitgeber time 6	CHLRE_16g678885v5	NULL	NULL	tpms	0.2	Cre16.g678885	g7
E-GEOD-62671	zeitgeber time 9	CHLRE_16g678885v5	NULL	NULL	tpms	0	Cre16.g678885	g8
E-GEOD-62671	zeitgeber time 0	CHLRE_09g392208v5	NULL	NULL	tpms	12	Cre09.g392208	g1
E-GEOD-62671	zeitgeber time 12	CHLRE_09g392208v5	NULL	NULL	tpms	4	Cre09.g392208	g2
E-GEOD-62671	zeitgeber time 15	CHLRE_09g392208v5	NULL	NULL	tpms	8	Cre09.g392208	g3
E-GEOD-62671	zeitgeber time 18	CHLRE_09g392208v5	NULL	NULL	tpms	8	Cre09.g392208	g4
E-GEOD-62671	zeitgeber time 21	CHLRE_09g392208v5	0.1539	25	tpms	79	Cre09.g392208	g5
E-GEOD-62671	zeitgeber time 3	CHLRE_09g392208v5	NULL	NULL	tpms	5	Cre09.g392208	g6
E-GEOD-62671	zeitgeber time 6	CHLRE_09g392208v5	NULL	NULL	tpms	5	Cre09.g392208	g7
E-GEOD-62671	zeitgeber time 9	CHLRE_09g392208v5	NULL	NULL	tpms	2	Cre09.g392208	g8
E-GEOD-62671	zeitgeber time 0	CHLRE_08g360450v5	NULL	NULL	tpms	0.1	Cre08.g360450	g1
E-GEOD-62671	zeitgeber time 12	CHLRE_08g360450v5	NULL	NULL	tpms	0.3	Cre08.g360450	g2
E-GEOD-62671	zeitgeber time 15	CHLRE_08g360450v5	NULL	NULL	tpms	0.1	Cre08.g360450	g3
E-GEOD-62671	zeitgeber time 18	CHLRE_08g360450v5	NULL	NULL	tpms	0.1	Cre08.g360450	g4
E-GEOD-62671	zeitgeber time 21	CHLRE_08g360450v5	0.1595	26	tpms	2	Cre08.g360450	g5
E-GEOD-62671	zeitgeber time 3	CHLRE_08g360450v5	NULL	NULL	tpms	0.1	Cre08.g360450	g6
E-GEOD-62671	zeitgeber time 6	CHLRE_08g360450v5	NULL	NULL	tpms	0.1	Cre08.g360450	g7
E-GEOD-62671	zeitgeber time 9	CHLRE_08g360450v5	NULL	NULL	tpms	0	Cre08.g360450	g8
E-GEOD-62671	zeitgeber time 0	CHLRE_02g095700v5	NULL	NULL	tpms	0.3	Cre02.g095700	g1
E-GEOD-62671	zeitgeber time 12	CHLRE_02g095700v5	NULL	NULL	tpms	0.3	Cre02.g095700	g2
E-GEOD-62671	zeitgeber time 15	CHLRE_02g095700v5	NULL	NULL	tpms	0.6	Cre02.g095700	g3
E-GEOD-62671	zeitgeber time 18	CHLRE_02g095700v5	NULL	NULL	tpms	0.2	Cre02.g095700	g4
E-GEOD-62671	zeitgeber time 21	CHLRE_02g095700v5	0.1606	27	tpms	4	Cre02.g095700	g5
E-GEOD-62671	zeitgeber time 3	CHLRE_02g095700v5	NULL	NULL	tpms	0	Cre02.g095700	g6
E-GEOD-62671	zeitgeber time 6	CHLRE_02g095700v5	NULL	NULL	tpms	0	Cre02.g095700	g7
E-GEOD-62671	zeitgeber time 9	CHLRE_02g095700v5	NULL	NULL	tpms	0	Cre02.g095700	g8
E-GEOD-62671	zeitgeber time 0	CHLRE_16g676533v5	NULL	NULL	tpms	11	Cre16.g676533	g1
E-GEOD-62671	zeitgeber time 12	CHLRE_16g676533v5	NULL	NULL	tpms	9	Cre16.g676533	g2
E-GEOD-62671	zeitgeber time 15	CHLRE_16g676533v5	NULL	NULL	tpms	10	Cre16.g676533	g3
E-GEOD-62671	zeitgeber time 18	CHLRE_16g676533v5	NULL	NULL	tpms	4	Cre16.g676533	g4
E-GEOD-62671	zeitgeber time 21	CHLRE_16g676533v5	0.1615	28	tpms	84	Cre16.g676533	g5
E-GEOD-62671	zeitgeber time 3	CHLRE_16g676533v5	NULL	NULL	tpms	9	Cre16.g676533	g6
E-GEOD-62671	zeitgeber time 6	CHLRE_16g676533v5	NULL	NULL	tpms	14	Cre16.g676533	g7
E-GEOD-62671	zeitgeber time 9	CHLRE_16g676533v5	NULL	NULL	tpms	9	Cre16.g676533	g8
E-GEOD-62671	zeitgeber time 0	CHLRE_06g286100v5	NULL	NULL	tpms	0.9	Cre06.g286100	g1
E-GEOD-62671	zeitgeber time 12	CHLRE_06g286100v5	NULL	NULL	tpms	2	Cre06.g286100	g2
E-GEOD-62671	zeitgeber time 15	CHLRE_06g286100v5	NULL	NULL	tpms	2	Cre06.g286100	g3
E-GEOD-62671	zeitgeber time 18	CHLRE_06g286100v5	NULL	NULL	tpms	2	Cre06.g286100	g4
E-GEOD-62671	zeitgeber time 21	CHLRE_06g286100v5	0.1657	29	tpms	12	Cre06.g286100	g5
E-GEOD-62671	zeitgeber time 3	CHLRE_06g286100v5	NULL	NULL	tpms	0.3	Cre06.g286100	g6
E-GEOD-62671	zeitgeber time 6	CHLRE_06g286100v5	NULL	NULL	tpms	0.4	Cre06.g286100	g7
E-GEOD-62671	zeitgeber time 9	CHLRE_06g286100v5	NULL	NULL	tpms	0.2	Cre06.g286100	g8
E-GEOD-62671	zeitgeber time 0	CHLRE_10g448400v5	NULL	NULL	tpms	0.3	Cre10.g448400	g1
E-GEOD-62671	zeitgeber time 12	CHLRE_10g448400v5	NULL	NULL	tpms	0.8	Cre10.g448400	g2
E-GEOD-62671	zeitgeber time 15	CHLRE_10g448400v5	NULL	NULL	tpms	1	Cre10.g448400	g3
E-GEOD-62671	zeitgeber time 18	CHLRE_10g448400v5	NULL	NULL	tpms	0	Cre10.g448400	g4
E-GEOD-62671	zeitgeber time 21	CHLRE_10g448400v5	0.1661	30	tpms	6	Cre10.g448400	g5
E-GEOD-62671	zeitgeber time 3	CHLRE_10g448400v5	NULL	NULL	tpms	0.2	Cre10.g448400	g6
E-GEOD-62671	zeitgeber time 6	CHLRE_10g448400v5	NULL	NULL	tpms	0.1	Cre10.g448400	g7
E-GEOD-62671	zeitgeber time 9	CHLRE_10g448400v5	NULL	NULL	tpms	0.1	Cre10.g448400	g8
E-GEOD-62671	zeitgeber time 0	CHLRE_09g393506v5	NULL	NULL	tpms	5	Cre09.g393506	g1
E-GEOD-62671	zeitgeber time 12	CHLRE_09g393506v5	NULL	NULL	tpms	4	Cre09.g393506	g2
E-GEOD-62671	zeitgeber time 15	CHLRE_09g393506v5	NULL	NULL	tpms	9	Cre09.g393506	g3
E-GEOD-62671	zeitgeber time 18	CHLRE_09g393506v5	NULL	NULL	tpms	4	Cre09.g393506	g4
E-GEOD-62671	zeitgeber time 21	CHLRE_09g393506v5	0.1689	31	tpms	53	Cre09.g393506	g5
E-GEOD-62671	zeitgeber time 3	CHLRE_09g393506v5	NULL	NULL	tpms	1	Cre09.g393506	g6
E-GEOD-62671	zeitgeber time 6	CHLRE_09g393506v5	NULL	NULL	tpms	3	Cre09.g393506	g7
E-GEOD-62671	zeitgeber time 9	CHLRE_09g393506v5	NULL	NULL	tpms	0.3	Cre09.g393506	g8
E-GEOD-62671	zeitgeber time 0	CHLRE_10g461100v5	NULL	NULL	tpms	3	Cre10.g461100	g1
E-GEOD-62671	zeitgeber time 12	CHLRE_10g461100v5	NULL	NULL	tpms	0.1	Cre10.g461100	g2
E-GEOD-62671	zeitgeber time 15	CHLRE_10g461100v5	NULL	NULL	tpms	0.6	Cre10.g461100	g3
E-GEOD-62671	zeitgeber time 18	CHLRE_10g461100v5	NULL	NULL	tpms	2	Cre10.g461100	g4
E-GEOD-62671	zeitgeber time 21	CHLRE_10g461100v5	0.181	32	tpms	14	Cre10.g461100	g5
E-GEOD-62671	zeitgeber time 3	CHLRE_10g461100v5	NULL	NULL	tpms	1	Cre10.g461100	g6
E-GEOD-62671	zeitgeber time 6	CHLRE_10g461100v5	NULL	NULL	tpms	1	Cre10.g461100	g7
E-GEOD-62671	zeitgeber time 9	CHLRE_10g461100v5	NULL	NULL	tpms	0.7	Cre10.g461100	g8
E-GEOD-62671	zeitgeber time 0	CHLRE_08g363350v5	NULL	NULL	tpms	0.3	Cre08.g363350	g1
E-GEOD-62671	zeitgeber time 12	CHLRE_08g363350v5	NULL	NULL	tpms	0.1	Cre08.g363350	g2
E-GEOD-62671	zeitgeber time 15	CHLRE_08g363350v5	NULL	NULL	tpms	0	Cre08.g363350	g3
E-GEOD-62671	zeitgeber time 18	CHLRE_08g363350v5	NULL	NULL	tpms	0	Cre08.g363350	g4
E-GEOD-62671	zeitgeber time 21	CHLRE_08g363350v5	0.1821	33	tpms	4	Cre08.g363350	g5
E-GEOD-62671	zeitgeber time 3	CHLRE_08g363350v5	NULL	NULL	tpms	0.1	Cre08.g363350	g6
E-GEOD-62671	zeitgeber time 6	CHLRE_08g363350v5	NULL	NULL	tpms	0.6	Cre08.g363350	g7
E-GEOD-62671	zeitgeber time 9	CHLRE_08g363350v5	NULL	NULL	tpms	0	Cre08.g363350	g8
E-GEOD-62671	zeitgeber time 0	CHLRE_15g637000v5	NULL	NULL	tpms	3	Cre15.g637000	g1
E-GEOD-62671	zeitgeber time 12	CHLRE_15g637000v5	NULL	NULL	tpms	0	Cre15.g637000	g2
E-GEOD-62671	zeitgeber time 15	CHLRE_15g637000v5	NULL	NULL	tpms	0.4	Cre15.g637000	g3
E-GEOD-62671	zeitgeber time 18	CHLRE_15g637000v5	NULL	NULL	tpms	2	Cre15.g637000	g4
E-GEOD-62671	zeitgeber time 21	CHLRE_15g637000v5	0.1842	34	tpms	14	Cre15.g637000	g5
E-GEOD-62671	zeitgeber time 3	CHLRE_15g637000v5	NULL	NULL	tpms	0.3	Cre15.g637000	g6
E-GEOD-62671	zeitgeber time 6	CHLRE_15g637000v5	NULL	NULL	tpms	0.2	Cre15.g637000	g7
E-GEOD-62671	zeitgeber time 9	CHLRE_15g637000v5	NULL	NULL	tpms	0	Cre15.g637000	g8
E-GEOD-62671	zeitgeber time 0	CHLRE_02g074720v5	NULL	NULL	tpms	0.5	Cre02.g074720	g1
E-GEOD-62671	zeitgeber time 12	CHLRE_02g074720v5	NULL	NULL	tpms	0.1	Cre02.g074720	g2
E-GEOD-62671	zeitgeber time 15	CHLRE_02g074720v5	NULL	NULL	tpms	0.7	Cre02.g074720	g3
E-GEOD-62671	zeitgeber time 18	CHLRE_02g074720v5	NULL	NULL	tpms	0.7	Cre02.g074720	g4
E-GEOD-62671	zeitgeber time 21	CHLRE_02g074720v5	0.1875	35	tpms	4	Cre02.g074720	g5
E-GEOD-62671	zeitgeber time 3	CHLRE_02g074720v5	NULL	NULL	tpms	0.8	Cre02.g074720	g6
E-GEOD-62671	zeitgeber time 6	CHLRE_02g074720v5	NULL	NULL	tpms	0.6	Cre02.g074720	g7
E-GEOD-62671	zeitgeber time 9	CHLRE_02g074720v5	NULL	NULL	tpms	0.6	Cre02.g074720	g8
E-GEOD-62671	zeitgeber time 0	CHLRE_17g717850v5	NULL	NULL	tpms	41	Cre17.g717850	g1
E-GEOD-62671	zeitgeber time 12	CHLRE_17g717850v5	NULL	NULL	tpms	45	Cre17.g717850	g2
E-GEOD-62671	zeitgeber time 15	CHLRE_17g717850v5	NULL	NULL	tpms	100	Cre17.g717850	g3
E-GEOD-62671	zeitgeber time 18	CHLRE_17g717850v5	NULL	NULL	tpms	25	Cre17.g717850	g4
E-GEOD-62671	zeitgeber time 21	CHLRE_17g717850v5	0.188	36	tpms	529	Cre17.g717850	g5
E-GEOD-62671	zeitgeber time 3	CHLRE_17g717850v5	NULL	NULL	tpms	26	Cre17.g717850	g6
E-GEOD-62671	zeitgeber time 6	CHLRE_17g717850v5	NULL	NULL	tpms	53	Cre17.g717850	g7
E-GEOD-62671	zeitgeber time 9	CHLRE_17g717850v5	NULL	NULL	tpms	12	Cre17.g717850	g8
E-GEOD-62671	zeitgeber time 0	CHLRE_08g358574v5	NULL	NULL	tpms	7	Cre08.g358574	g1
E-GEOD-62671	zeitgeber time 12	CHLRE_08g358574v5	NULL	NULL	tpms	12	Cre08.g358574	g2
E-GEOD-62671	zeitgeber time 15	CHLRE_08g358574v5	NULL	NULL	tpms	6	Cre08.g358574	g3
E-GEOD-62671	zeitgeber time 18	CHLRE_08g358574v5	NULL	NULL	tpms	1	Cre08.g358574	g4
E-GEOD-62671	zeitgeber time 21	CHLRE_08g358574v5	0.2039	37	tpms	57	Cre08.g358574	g5
E-GEOD-62671	zeitgeber time 3	CHLRE_08g358574v5	NULL	NULL	tpms	8	Cre08.g358574	g6
E-GEOD-62671	zeitgeber time 6	CHLRE_08g358574v5	NULL	NULL	tpms	9	Cre08.g358574	g7
E-GEOD-62671	zeitgeber time 9	CHLRE_08g358574v5	NULL	NULL	tpms	6	Cre08.g358574	g8
E-GEOD-62671	zeitgeber time 0	CHLRE_03g194700v5	NULL	NULL	tpms	2	Cre03.g194700	g1
E-GEOD-62671	zeitgeber time 12	CHLRE_03g194700v5	NULL	NULL	tpms	1	Cre03.g194700	g2
E-GEOD-62671	zeitgeber time 15	CHLRE_03g194700v5	NULL	NULL	tpms	1	Cre03.g194700	g3
E-GEOD-62671	zeitgeber time 18	CHLRE_03g194700v5	NULL	NULL	tpms	0.3	Cre03.g194700	g4
E-GEOD-62671	zeitgeber time 21	CHLRE_03g194700v5	0.2052	38	tpms	21	Cre03.g194700	g5
E-GEOD-62671	zeitgeber time 3	CHLRE_03g194700v5	NULL	NULL	tpms	2	Cre03.g194700	g6
E-GEOD-62671	zeitgeber time 6	CHLRE_03g194700v5	NULL	NULL	tpms	4	Cre03.g194700	g7
E-GEOD-62671	zeitgeber time 9	CHLRE_03g194700v5	NULL	NULL	tpms	0.7	Cre03.g194700	g8
E-GEOD-62671	zeitgeber time 0	CHLRE_09g402050v5	NULL	NULL	tpms	0.3	Cre09.g402050	g1
E-GEOD-62671	zeitgeber time 12	CHLRE_09g402050v5	NULL	NULL	tpms	0.2	Cre09.g402050	g2
E-GEOD-62671	zeitgeber time 15	CHLRE_09g402050v5	NULL	NULL	tpms	0.3	Cre09.g402050	g3
E-GEOD-62671	zeitgeber time 18	CHLRE_09g402050v5	NULL	NULL	tpms	0.2	Cre09.g402050	g4
E-GEOD-62671	zeitgeber time 21	CHLRE_09g402050v5	0.2125	39	tpms	2	Cre09.g402050	g5
E-GEOD-62671	zeitgeber time 3	CHLRE_09g402050v5	NULL	NULL	tpms	0.3	Cre09.g402050	g6
E-GEOD-62671	zeitgeber time 6	CHLRE_09g402050v5	NULL	NULL	tpms	0.3	Cre09.g402050	g7
E-GEOD-62671	zeitgeber time 9	CHLRE_09g402050v5	NULL	NULL	tpms	0.1	Cre09.g402050	g8
E-GEOD-62671	zeitgeber time 0	CHLRE_13g566850v5	NULL	NULL	tpms	14	Cre13.g566850	g1
E-GEOD-62671	zeitgeber time 12	CHLRE_13g566850v5	NULL	NULL	tpms	4	Cre13.g566850	g2
E-GEOD-62671	zeitgeber time 15	CHLRE_13g566850v5	NULL	NULL	tpms	11	Cre13.g566850	g3
E-GEOD-62671	zeitgeber time 18	CHLRE_13g566850v5	NULL	NULL	tpms	13	Cre13.g566850	g4
E-GEOD-62671	zeitgeber time 21	CHLRE_13g566850v5	0.2153	40	tpms	65	Cre13.g566850	g5
E-GEOD-62671	zeitgeber time 3	CHLRE_13g566850v5	NULL	NULL	tpms	8	Cre13.g566850	g6
E-GEOD-62671	zeitgeber time 6	CHLRE_13g566850v5	NULL	NULL	tpms	5	Cre13.g566850	g7
E-GEOD-62671	zeitgeber time 9	CHLRE_13g566850v5	NULL	NULL	tpms	6	Cre13.g566850	g8
E-GEOD-62671	zeitgeber time 0	CHLRE_06g294800v5	NULL	NULL	tpms	9	Cre06.g294800	g1
E-GEOD-62671	zeitgeber time 12	CHLRE_06g294800v5	NULL	NULL	tpms	7	Cre06.g294800	g2
E-GEOD-62671	zeitgeber time 15	CHLRE_06g294800v5	NULL	NULL	tpms	8	Cre06.g294800	g3
E-GEOD-62671	zeitgeber time 18	CHLRE_06g294800v5	NULL	NULL	tpms	9	Cre06.g294800	g4
E-GEOD-62671	zeitgeber time 21	CHLRE_06g294800v5	0.2188	41	tpms	44	Cre06.g294800	g5
E-GEOD-62671	zeitgeber time 3	CHLRE_06g294800v5	NULL	NULL	tpms	7	Cre06.g294800	g6
E-GEOD-62671	zeitgeber time 6	CHLRE_06g294800v5	NULL	NULL	tpms	10	Cre06.g294800	g7
E-GEOD-62671	zeitgeber time 9	CHLRE_06g294800v5	NULL	NULL	tpms	4	Cre06.g294800	g8
E-GEOD-62671	zeitgeber time 0	CHLRE_12g527250v5	NULL	NULL	tpms	16	Cre12.g527250	g1
E-GEOD-62671	zeitgeber time 12	CHLRE_12g527250v5	NULL	NULL	tpms	3	Cre12.g527250	g2
E-GEOD-62671	zeitgeber time 15	CHLRE_12g527250v5	NULL	NULL	tpms	15	Cre12.g527250	g3
E-GEOD-62671	zeitgeber time 18	CHLRE_12g527250v5	NULL	NULL	tpms	14	Cre12.g527250	g4
E-GEOD-62671	zeitgeber time 21	CHLRE_12g527250v5	0.2212	42	tpms	73	Cre12.g527250	g5
E-GEOD-62671	zeitgeber time 3	CHLRE_12g527250v5	NULL	NULL	tpms	2	Cre12.g527250	g6
E-GEOD-62671	zeitgeber time 6	CHLRE_12g527250v5	NULL	NULL	tpms	1	Cre12.g527250	g7
E-GEOD-62671	zeitgeber time 9	CHLRE_12g527250v5	NULL	NULL	tpms	1	Cre12.g527250	g8
E-GEOD-62671	zeitgeber time 0	CHLRE_12g537900v5	NULL	NULL	tpms	0.1	Cre12.g537900	g1
E-GEOD-62671	zeitgeber time 12	CHLRE_12g537900v5	NULL	NULL	tpms	0.4	Cre12.g537900	g2
E-GEOD-62671	zeitgeber time 15	CHLRE_12g537900v5	NULL	NULL	tpms	0.1	Cre12.g537900	g3
E-GEOD-62671	zeitgeber time 18	CHLRE_12g537900v5	NULL	NULL	tpms	0.1	Cre12.g537900	g4
E-GEOD-62671	zeitgeber time 21	CHLRE_12g537900v5	0.237	43	tpms	2	Cre12.g537900	g5
E-GEOD-62671	zeitgeber time 3	CHLRE_12g537900v5	NULL	NULL	tpms	0.1	Cre12.g537900	g6
E-GEOD-62671	zeitgeber time 6	CHLRE_12g537900v5	NULL	NULL	tpms	0.2	Cre12.g537900	g7
E-GEOD-62671	zeitgeber time 9	CHLRE_12g537900v5	NULL	NULL	tpms	0.2	Cre12.g537900	g8
E-GEOD-62671	zeitgeber time 0	CHLRE_09g391450v5	NULL	NULL	tpms	2	Cre09.g391450	g1
E-GEOD-62671	zeitgeber time 12	CHLRE_09g391450v5	NULL	NULL	tpms	3	Cre09.g391450	g2
E-GEOD-62671	zeitgeber time 15	CHLRE_09g391450v5	NULL	NULL	tpms	4	Cre09.g391450	g3
E-GEOD-62671	zeitgeber time 18	CHLRE_09g391450v5	NULL	NULL	tpms	0.4	Cre09.g391450	g4
E-GEOD-62671	zeitgeber time 21	CHLRE_09g391450v5	0.2464	44	tpms	16	Cre09.g391450	g5
E-GEOD-62671	zeitgeber time 3	CHLRE_09g391450v5	NULL	NULL	tpms	0.5	Cre09.g391450	g6
E-GEOD-62671	zeitgeber time 6	CHLRE_09g391450v5	NULL	NULL	tpms	0.8	Cre09.g391450	g7
E-GEOD-62671	zeitgeber time 9	CHLRE_09g391450v5	NULL	NULL	tpms	1	Cre09.g391450	g8
E-GEOD-62671	zeitgeber time 0	CHLRE_10g451850v5	NULL	NULL	tpms	0.5	Cre10.g451850	g1
E-GEOD-62671	zeitgeber time 12	CHLRE_10g451850v5	NULL	NULL	tpms	0.5	Cre10.g451850	g2
E-GEOD-62671	zeitgeber time 15	CHLRE_10g451850v5	NULL	NULL	tpms	1	Cre10.g451850	g3
E-GEOD-62671	zeitgeber time 18	CHLRE_10g451850v5	NULL	NULL	tpms	0.2	Cre10.g451850	g4
E-GEOD-62671	zeitgeber time 21	CHLRE_10g451850v5	0.2516	45	tpms	4	Cre10.g451850	g5
E-GEOD-62671	zeitgeber time 3	CHLRE_10g451850v5	NULL	NULL	tpms	0.2	Cre10.g451850	g6
E-GEOD-62671	zeitgeber time 6	CHLRE_10g451850v5	NULL	NULL	tpms	0.2	Cre10.g451850	g7
E-GEOD-62671	zeitgeber time 9	CHLRE_10g451850v5	NULL	NULL	tpms	0.2	Cre10.g451850	g8
E-GEOD-62671	zeitgeber time 0	CHLRE_10g422876v5	NULL	NULL	tpms	0.9	Cre10.g422876	g1
E-GEOD-62671	zeitgeber time 12	CHLRE_10g422876v5	NULL	NULL	tpms	0.3	Cre10.g422876	g2
E-GEOD-62671	zeitgeber time 15	CHLRE_10g422876v5	NULL	NULL	tpms	0	Cre10.g422876	g3
E-GEOD-62671	zeitgeber time 18	CHLRE_10g422876v5	NULL	NULL	tpms	0.1	Cre10.g422876	g4
E-GEOD-62671	zeitgeber time 21	CHLRE_10g422876v5	0.2544	46	tpms	3	Cre10.g422876	g5
E-GEOD-62671	zeitgeber time 3	CHLRE_10g422876v5	NULL	NULL	tpms	0.8	Cre10.g422876	g6
E-GEOD-62671	zeitgeber time 6	CHLRE_10g422876v5	NULL	NULL	tpms	0.7	Cre10.g422876	g7
E-GEOD-62671	zeitgeber time 9	CHLRE_10g422876v5	NULL	NULL	tpms	0.4	Cre10.g422876	g8
E-GEOD-62671	zeitgeber time 0	CHLRE_13g603450v5	NULL	NULL	tpms	1	Cre13.g603450	g1
E-GEOD-62671	zeitgeber time 12	CHLRE_13g603450v5	NULL	NULL	tpms	0.6	Cre13.g603450	g2
E-GEOD-62671	zeitgeber time 15	CHLRE_13g603450v5	NULL	NULL	tpms	0.8	Cre13.g603450	g3
E-GEOD-62671	zeitgeber time 18	CHLRE_13g603450v5	NULL	NULL	tpms	0.4	Cre13.g603450	g4
E-GEOD-62671	zeitgeber time 21	CHLRE_13g603450v5	0.2552	47	tpms	4	Cre13.g603450	g5
E-GEOD-62671	zeitgeber time 3	CHLRE_13g603450v5	NULL	NULL	tpms	0.9	Cre13.g603450	g6
E-GEOD-62671	zeitgeber time 6	CHLRE_13g603450v5	NULL	NULL	tpms	0.6	Cre13.g603450	g7
E-GEOD-62671	zeitgeber time 9	CHLRE_13g603450v5	NULL	NULL	tpms	0.3	Cre13.g603450	g8
E-GEOD-62671	zeitgeber time 0	CHLRE_14g629700v5	NULL	NULL	tpms	16	Cre14.g629700	g1
E-GEOD-62671	zeitgeber time 12	CHLRE_14g629700v5	NULL	NULL	tpms	30	Cre14.g629700	g2
E-GEOD-62671	zeitgeber time 15	CHLRE_14g629700v5	NULL	NULL	tpms	33	Cre14.g629700	g3
E-GEOD-62671	zeitgeber time 18	CHLRE_14g629700v5	NULL	NULL	tpms	11	Cre14.g629700	g4
E-GEOD-62671	zeitgeber time 21	CHLRE_14g629700v5	0.2578	48	tpms	126	Cre14.g629700	g5
E-GEOD-62671	zeitgeber time 3	CHLRE_14g629700v5	NULL	NULL	tpms	13	Cre14.g629700	g6
E-GEOD-62671	zeitgeber time 6	CHLRE_14g629700v5	NULL	NULL	tpms	24	Cre14.g629700	g7
E-GEOD-62671	zeitgeber time 9	CHLRE_14g629700v5	NULL	NULL	tpms	4	Cre14.g629700	g8
E-GEOD-62671	zeitgeber time 0	CHLRE_04g228700v5	NULL	NULL	tpms	0.9	Cre04.g228700	g1
E-GEOD-62671	zeitgeber time 12	CHLRE_04g228700v5	NULL	NULL	tpms	1	Cre04.g228700	g2
E-GEOD-62671	zeitgeber time 15	CHLRE_04g228700v5	NULL	NULL	tpms	1	Cre04.g228700	g3
E-GEOD-62671	zeitgeber time 18	CHLRE_04g228700v5	NULL	NULL	tpms	2	Cre04.g228700	g4
E-GEOD-62671	zeitgeber time 21	CHLRE_04g228700v5	0.2583	49	tpms	6	Cre04.g228700	g5
E-GEOD-62671	zeitgeber time 3	CHLRE_04g228700v5	NULL	NULL	tpms	0.7	Cre04.g228700	g6
E-GEOD-62671	zeitgeber time 6	CHLRE_04g228700v5	NULL	NULL	tpms	0.4	Cre04.g228700	g7
E-GEOD-62671	zeitgeber time 9	CHLRE_04g228700v5	NULL	NULL	tpms	0.3	Cre04.g228700	g8
E-GEOD-62671	zeitgeber time 0	CHLRE_07g320600v5	NULL	NULL	tpms	80	Cre07.g320600	g1
E-GEOD-62671	zeitgeber time 12	CHLRE_07g320600v5	NULL	NULL	tpms	13	Cre07.g320600	g2
E-GEOD-62671	zeitgeber time 15	CHLRE_07g320600v5	NULL	NULL	tpms	53	Cre07.g320600	g3
E-GEOD-62671	zeitgeber time 18	CHLRE_07g320600v5	NULL	NULL	tpms	77	Cre07.g320600	g4
E-GEOD-62671	zeitgeber time 21	CHLRE_07g320600v5	0.2591	50	tpms	309	Cre07.g320600	g5
E-GEOD-62671	zeitgeber time 3	CHLRE_07g320600v5	NULL	NULL	tpms	31	Cre07.g320600	g6
E-GEOD-62671	zeitgeber time 6	CHLRE_07g320600v5	NULL	NULL	tpms	15	Cre07.g320600	g7
E-GEOD-62671	zeitgeber time 9	CHLRE_07g320600v5	NULL	NULL	tpms	6	Cre07.g320600	g8
E-GEOD-62671	zeitgeber time 0	CHLRE_12g545950v5	NULL	NULL	tpms	4	Cre12.g545950	g1
E-GEOD-62671	zeitgeber time 12	CHLRE_12g545950v5	NULL	NULL	tpms	6	Cre12.g545950	g2
E-GEOD-62671	zeitgeber time 15	CHLRE_12g545950v5	NULL	NULL	tpms	8	Cre12.g545950	g3
E-GEOD-62671	zeitgeber time 18	CHLRE_12g545950v5	NULL	NULL	tpms	3	Cre12.g545950	g4
E-GEOD-62671	zeitgeber time 21	CHLRE_12g545950v5	0.2592	51	tpms	31	Cre12.g545950	g5
E-GEOD-62671	zeitgeber time 3	CHLRE_12g545950v5	NULL	NULL	tpms	3	Cre12.g545950	g6
E-GEOD-62671	zeitgeber time 6	CHLRE_12g545950v5	NULL	NULL	tpms	4	Cre12.g545950	g7
E-GEOD-62671	zeitgeber time 9	CHLRE_12g545950v5	NULL	NULL	tpms	2	Cre12.g545950	g8
E-GEOD-62671	zeitgeber time 0	CHLRE_02g097000v5	NULL	NULL	tpms	11	Cre02.g097000	g1
E-GEOD-62671	zeitgeber time 12	CHLRE_02g097000v5	NULL	NULL	tpms	6	Cre02.g097000	g2
E-GEOD-62671	zeitgeber time 15	CHLRE_02g097000v5	NULL	NULL	tpms	5	Cre02.g097000	g3
E-GEOD-62671	zeitgeber time 18	CHLRE_02g097000v5	NULL	NULL	tpms	11	Cre02.g097000	g4
E-GEOD-62671	zeitgeber time 21	CHLRE_02g097000v5	0.2637	52	tpms	57	Cre02.g097000	g5
E-GEOD-62671	zeitgeber time 3	CHLRE_02g097000v5	NULL	NULL	tpms	13	Cre02.g097000	g6
E-GEOD-62671	zeitgeber time 6	CHLRE_02g097000v5	NULL	NULL	tpms	15	Cre02.g097000	g7
E-GEOD-62671	zeitgeber time 9	CHLRE_02g097000v5	NULL	NULL	tpms	12	Cre02.g097000	g8
E-GEOD-62671	zeitgeber time 0	CHLRE_09g397438v5	NULL	NULL	tpms	4	Cre09.g397438	g1
E-GEOD-62671	zeitgeber time 12	CHLRE_09g397438v5	NULL	NULL	tpms	3	Cre09.g397438	g2
E-GEOD-62671	zeitgeber time 15	CHLRE_09g397438v5	NULL	NULL	tpms	3	Cre09.g397438	g3
E-GEOD-62671	zeitgeber time 18	CHLRE_09g397438v5	NULL	NULL	tpms	3	Cre09.g397438	g4
E-GEOD-62671	zeitgeber time 21	CHLRE_09g397438v5	0.2639	53	tpms	17	Cre09.g397438	g5
E-GEOD-62671	zeitgeber time 3	CHLRE_09g397438v5	NULL	NULL	tpms	4	Cre09.g397438	g6
E-GEOD-62671	zeitgeber time 6	CHLRE_09g397438v5	NULL	NULL	tpms	5	Cre09.g397438	g7
E-GEOD-62671	zeitgeber time 9	CHLRE_09g397438v5	NULL	NULL	tpms	4	Cre09.g397438	g8
E-GEOD-62671	zeitgeber time 0	CHLRE_02g076663v5	NULL	NULL	tpms	0.2	Cre02.g076663	g1
E-GEOD-62671	zeitgeber time 12	CHLRE_02g076663v5	NULL	NULL	tpms	0.4	Cre02.g076663	g2
E-GEOD-62671	zeitgeber time 15	CHLRE_02g076663v5	NULL	NULL	tpms	0.2	Cre02.g076663	g3
E-GEOD-62671	zeitgeber time 18	CHLRE_02g076663v5	NULL	NULL	tpms	0.2	Cre02.g076663	g4
E-GEOD-62671	zeitgeber time 21	CHLRE_02g076663v5	0.2677	54	tpms	2	Cre02.g076663	g5
E-GEOD-62671	zeitgeber time 3	CHLRE_02g076663v5	NULL	NULL	tpms	0.1	Cre02.g076663	g6
E-GEOD-62671	zeitgeber time 6	CHLRE_02g076663v5	NULL	NULL	tpms	0	Cre02.g076663	g7
E-GEOD-62671	zeitgeber time 9	CHLRE_02g076663v5	NULL	NULL	tpms	0.1	Cre02.g076663	g8
E-GEOD-62671	zeitgeber time 0	CHLRE_02g095750v5	NULL	NULL	tpms	2	Cre02.g095750	g1
E-GEOD-62671	zeitgeber time 12	CHLRE_02g095750v5	NULL	NULL	tpms	2	Cre02.g095750	g2
E-GEOD-62671	zeitgeber time 15	CHLRE_02g095750v5	NULL	NULL	tpms	3	Cre02.g095750	g3
E-GEOD-62671	zeitgeber time 18	CHLRE_02g095750v5	NULL	NULL	tpms	2	Cre02.g095750	g4
E-GEOD-62671	zeitgeber time 21	CHLRE_02g095750v5	0.2701	55	tpms	11	Cre02.g095750	g5
E-GEOD-62671	zeitgeber time 3	CHLRE_02g095750v5	NULL	NULL	tpms	0.1	Cre02.g095750	g6
E-GEOD-62671	zeitgeber time 6	CHLRE_02g095750v5	NULL	NULL	tpms	0.1	Cre02.g095750	g7
E-GEOD-62671	zeitgeber time 9	CHLRE_02g095750v5	NULL	NULL	tpms	0.3	Cre02.g095750	g8
E-GEOD-62671	zeitgeber time 0	CHLRE_02g076650v5	NULL	NULL	tpms	50	Cre02.g076650	g1
E-GEOD-62671	zeitgeber time 12	CHLRE_02g076650v5	NULL	NULL	tpms	37	Cre02.g076650	g2
E-GEOD-62671	zeitgeber time 15	CHLRE_02g076650v5	NULL	NULL	tpms	29	Cre02.g076650	g3
E-GEOD-62671	zeitgeber time 18	CHLRE_02g076650v5	NULL	NULL	tpms	24	Cre02.g076650	g4
E-GEOD-62671	zeitgeber time 21	CHLRE_02g076650v5	0.2728	56	tpms	216	Cre02.g076650	g5
E-GEOD-62671	zeitgeber time 3	CHLRE_02g076650v5	NULL	NULL	tpms	41	Cre02.g076650	g6
E-GEOD-62671	zeitgeber time 6	CHLRE_02g076650v5	NULL	NULL	tpms	59	Cre02.g076650	g7
E-GEOD-62671	zeitgeber time 9	CHLRE_02g076650v5	NULL	NULL	tpms	57	Cre02.g076650	g8
E-GEOD-62671	zeitgeber time 0	CHLRE_17g729301v5	NULL	NULL	tpms	1	Cre17.g729301	g1
E-GEOD-62671	zeitgeber time 12	CHLRE_17g729301v5	NULL	NULL	tpms	1	Cre17.g729301	g2
E-GEOD-62671	zeitgeber time 15	CHLRE_17g729301v5	NULL	NULL	tpms	1	Cre17.g729301	g3
E-GEOD-62671	zeitgeber time 18	CHLRE_17g729301v5	NULL	NULL	tpms	0.4	Cre17.g729301	g4
E-GEOD-62671	zeitgeber time 21	CHLRE_17g729301v5	0.2743	57	tpms	5	Cre17.g729301	g5
E-GEOD-62671	zeitgeber time 3	CHLRE_17g729301v5	NULL	NULL	tpms	0.7	Cre17.g729301	g6
E-GEOD-62671	zeitgeber time 6	CHLRE_17g729301v5	NULL	NULL	tpms	1	Cre17.g729301	g7
E-GEOD-62671	zeitgeber time 9	CHLRE_17g729301v5	NULL	NULL	tpms	0.8	Cre17.g729301	g8
E-GEOD-62671	zeitgeber time 0	CHLRE_04g219925v5	NULL	NULL	tpms	45	Cre04.g219925	g1
E-GEOD-62671	zeitgeber time 12	CHLRE_04g219925v5	NULL	NULL	tpms	34	Cre04.g219925	g2
E-GEOD-62671	zeitgeber time 15	CHLRE_04g219925v5	NULL	NULL	tpms	37	Cre04.g219925	g3
E-GEOD-62671	zeitgeber time 18	CHLRE_04g219925v5	NULL	NULL	tpms	52	Cre04.g219925	g4
E-GEOD-62671	zeitgeber time 21	CHLRE_04g219925v5	0.2757	58	tpms	190	Cre04.g219925	g5
E-GEOD-62671	zeitgeber time 3	CHLRE_04g219925v5	NULL	NULL	tpms	32	Cre04.g219925	g6
E-GEOD-62671	zeitgeber time 6	CHLRE_04g219925v5	NULL	NULL	tpms	34	Cre04.g219925	g7
E-GEOD-62671	zeitgeber time 9	CHLRE_04g219925v5	NULL	NULL	tpms	19	Cre04.g219925	g8
E-GEOD-62671	zeitgeber time 0	CHLRE_09g391689v5	NULL	NULL	tpms	0.8	Cre09.g391689	g1
E-GEOD-62671	zeitgeber time 12	CHLRE_09g391689v5	NULL	NULL	tpms	0.7	Cre09.g391689	g2
E-GEOD-62671	zeitgeber time 15	CHLRE_09g391689v5	NULL	NULL	tpms	1	Cre09.g391689	g3
E-GEOD-62671	zeitgeber time 18	CHLRE_09g391689v5	NULL	NULL	tpms	0.7	Cre09.g391689	g4
E-GEOD-62671	zeitgeber time 21	CHLRE_09g391689v5	0.2766	59	tpms	4	Cre09.g391689	g5
E-GEOD-62671	zeitgeber time 3	CHLRE_09g391689v5	NULL	NULL	tpms	0.8	Cre09.g391689	g6
E-GEOD-62671	zeitgeber time 6	CHLRE_09g391689v5	NULL	NULL	tpms	1	Cre09.g391689	g7
E-GEOD-62671	zeitgeber time 9	CHLRE_09g391689v5	NULL	NULL	tpms	0.1	Cre09.g391689	g8
E-GEOD-62671	zeitgeber time 0	CHLRE_05g230650v5	NULL	NULL	tpms	12	Cre05.g230650	g1
E-GEOD-62671	zeitgeber time 12	CHLRE_05g230650v5	NULL	NULL	tpms	14	Cre05.g230650	g2
E-GEOD-62671	zeitgeber time 15	CHLRE_05g230650v5	NULL	NULL	tpms	13	Cre05.g230650	g3
E-GEOD-62671	zeitgeber time 18	CHLRE_05g230650v5	NULL	NULL	tpms	8	Cre05.g230650	g4
E-GEOD-62671	zeitgeber time 21	CHLRE_05g230650v5	0.2769	60	tpms	49	Cre05.g230650	g5
E-GEOD-62671	zeitgeber time 3	CHLRE_05g230650v5	NULL	NULL	tpms	10	Cre05.g230650	g6
E-GEOD-62671	zeitgeber time 6	CHLRE_05g230650v5	NULL	NULL	tpms	9	Cre05.g230650	g7
E-GEOD-62671	zeitgeber time 9	CHLRE_05g230650v5	NULL	NULL	tpms	8	Cre05.g230650	g8
E-GEOD-62671	zeitgeber time 0	CHLRE_03g191300v5	NULL	NULL	tpms	26	Cre03.g191300	g1
E-GEOD-62671	zeitgeber time 12	CHLRE_03g191300v5	NULL	NULL	tpms	25	Cre03.g191300	g2
E-GEOD-62671	zeitgeber time 15	CHLRE_03g191300v5	NULL	NULL	tpms	48	Cre03.g191300	g3
E-GEOD-62671	zeitgeber time 18	CHLRE_03g191300v5	NULL	NULL	tpms	25	Cre03.g191300	g4
E-GEOD-62671	zeitgeber time 21	CHLRE_03g191300v5	0.2791	61	tpms	172	Cre03.g191300	g5
E-GEOD-62671	zeitgeber time 3	CHLRE_03g191300v5	NULL	NULL	tpms	7	Cre03.g191300	g6
E-GEOD-62671	zeitgeber time 6	CHLRE_03g191300v5	NULL	NULL	tpms	9	Cre03.g191300	g7
E-GEOD-62671	zeitgeber time 9	CHLRE_03g191300v5	NULL	NULL	tpms	7	Cre03.g191300	g8
E-GEOD-62671	zeitgeber time 0	CHLRE_11g467615v5	NULL	NULL	tpms	0.7	Cre11.g467615	g1
E-GEOD-62671	zeitgeber time 12	CHLRE_11g467615v5	NULL	NULL	tpms	0.1	Cre11.g467615	g2
E-GEOD-62671	zeitgeber time 15	CHLRE_11g467615v5	NULL	NULL	tpms	0.1	Cre11.g467615	g3
E-GEOD-62671	zeitgeber time 18	CHLRE_11g467615v5	NULL	NULL	tpms	0.1	Cre11.g467615	g4
E-GEOD-62671	zeitgeber time 21	CHLRE_11g467615v5	0.2798	62	tpms	7	Cre11.g467615	g5
E-GEOD-62671	zeitgeber time 3	CHLRE_11g467615v5	NULL	NULL	tpms	1	Cre11.g467615	g6
E-GEOD-62671	zeitgeber time 6	CHLRE_11g467615v5	NULL	NULL	tpms	2	Cre11.g467615	g7
E-GEOD-62671	zeitgeber time 9	CHLRE_11g467615v5	NULL	NULL	tpms	0.2	Cre11.g467615	g8
E-GEOD-62671	zeitgeber time 0	CHLRE_09g395213v5	NULL	NULL	tpms	20	Cre09.g395213	g1
E-GEOD-62671	zeitgeber time 12	CHLRE_09g395213v5	NULL	NULL	tpms	89	Cre09.g395213	g2
E-GEOD-62671	zeitgeber time 15	CHLRE_09g395213v5	NULL	NULL	tpms	17	Cre09.g395213	g3
E-GEOD-62671	zeitgeber time 18	CHLRE_09g395213v5	NULL	NULL	tpms	2	Cre09.g395213	g4
E-GEOD-62671	zeitgeber time 21	CHLRE_09g395213v5	0.2845	63	tpms	375	Cre09.g395213	g5
E-GEOD-62671	zeitgeber time 3	CHLRE_09g395213v5	NULL	NULL	tpms	33	Cre09.g395213	g6
E-GEOD-62671	zeitgeber time 6	CHLRE_09g395213v5	NULL	NULL	tpms	108	Cre09.g395213	g7
E-GEOD-62671	zeitgeber time 9	CHLRE_09g395213v5	NULL	NULL	tpms	34	Cre09.g395213	g8
E-GEOD-62671	zeitgeber time 0	CHLRE_13g604905v5	NULL	NULL	tpms	4	Cre13.g604905	g1
E-GEOD-62671	zeitgeber time 12	CHLRE_13g604905v5	NULL	NULL	tpms	1	Cre13.g604905	g2
E-GEOD-62671	zeitgeber time 15	CHLRE_13g604905v5	NULL	NULL	tpms	2	Cre13.g604905	g3
E-GEOD-62671	zeitgeber time 18	CHLRE_13g604905v5	NULL	NULL	tpms	4	Cre13.g604905	g4
E-GEOD-62671	zeitgeber time 21	CHLRE_13g604905v5	0.2875	64	tpms	14	Cre13.g604905	g5
E-GEOD-62671	zeitgeber time 3	CHLRE_13g604905v5	NULL	NULL	tpms	3	Cre13.g604905	g6
E-GEOD-62671	zeitgeber time 6	CHLRE_13g604905v5	NULL	NULL	tpms	2	Cre13.g604905	g7
E-GEOD-62671	zeitgeber time 9	CHLRE_13g604905v5	NULL	NULL	tpms	0.8	Cre13.g604905	g8
E-GEOD-62671	zeitgeber time 0	CHLRE_09g387450v5	NULL	NULL	tpms	57	Cre09.g387450	g1
E-GEOD-62671	zeitgeber time 12	CHLRE_09g387450v5	NULL	NULL	tpms	40	Cre09.g387450	g2
E-GEOD-62671	zeitgeber time 15	CHLRE_09g387450v5	NULL	NULL	tpms	73	Cre09.g387450	g3
E-GEOD-62671	zeitgeber time 18	CHLRE_09g387450v5	NULL	NULL	tpms	51	Cre09.g387450	g4
E-GEOD-62671	zeitgeber time 21	CHLRE_09g387450v5	0.2898	65	tpms	251	Cre09.g387450	g5
E-GEOD-62671	zeitgeber time 3	CHLRE_09g387450v5	NULL	NULL	tpms	19	Cre09.g387450	g6
E-GEOD-62671	zeitgeber time 6	CHLRE_09g387450v5	NULL	NULL	tpms	19	Cre09.g387450	g7
E-GEOD-62671	zeitgeber time 9	CHLRE_09g387450v5	NULL	NULL	tpms	4	Cre09.g387450	g8
E-GEOD-62671	zeitgeber time 0	CHLRE_04g219950v5	NULL	NULL	tpms	11	Cre04.g219950	g1
E-GEOD-62671	zeitgeber time 12	CHLRE_04g219950v5	NULL	NULL	tpms	10	Cre04.g219950	g2
E-GEOD-62671	zeitgeber time 15	CHLRE_04g219950v5	NULL	NULL	tpms	9	Cre04.g219950	g3
E-GEOD-62671	zeitgeber time 18	CHLRE_04g219950v5	NULL	NULL	tpms	15	Cre04.g219950	g4
E-GEOD-62671	zeitgeber time 21	CHLRE_04g219950v5	0.2904	66	tpms	51	Cre04.g219950	g5
E-GEOD-62671	zeitgeber time 3	CHLRE_04g219950v5	NULL	NULL	tpms	9	Cre04.g219950	g6
E-GEOD-62671	zeitgeber time 6	CHLRE_04g219950v5	NULL	NULL	tpms	11	Cre04.g219950	g7
E-GEOD-62671	zeitgeber time 9	CHLRE_04g219950v5	NULL	NULL	tpms	7	Cre04.g219950	g8
E-GEOD-62671	zeitgeber time 0	CHLRE_11g467559v5	NULL	NULL	tpms	3	Cre11.g467559	g1
E-GEOD-62671	zeitgeber time 12	CHLRE_11g467559v5	NULL	NULL	tpms	8	Cre11.g467559	g2
E-GEOD-62671	zeitgeber time 15	CHLRE_11g467559v5	NULL	NULL	tpms	6	Cre11.g467559	g3
E-GEOD-62671	zeitgeber time 18	CHLRE_11g467559v5	NULL	NULL	tpms	2	Cre11.g467559	g4
E-GEOD-62671	zeitgeber time 21	CHLRE_11g467559v5	0.2919	67	tpms	27	Cre11.g467559	g5
E-GEOD-62671	zeitgeber time 3	CHLRE_11g467559v5	NULL	NULL	tpms	2	Cre11.g467559	g6
E-GEOD-62671	zeitgeber time 6	CHLRE_11g467559v5	NULL	NULL	tpms	3	Cre11.g467559	g7
E-GEOD-62671	zeitgeber time 9	CHLRE_11g467559v5	NULL	NULL	tpms	3	Cre11.g467559	g8
E-GEOD-62671	zeitgeber time 0	CHLRE_12g489300v5	NULL	NULL	tpms	11	Cre12.g489300	g1
E-GEOD-62671	zeitgeber time 12	CHLRE_12g489300v5	NULL	NULL	tpms	28	Cre12.g489300	g2
E-GEOD-62671	zeitgeber time 15	CHLRE_12g489300v5	NULL	NULL	tpms	16	Cre12.g489300	g3
E-GEOD-62671	zeitgeber time 18	CHLRE_12g489300v5	NULL	NULL	tpms	10	Cre12.g489300	g4
E-GEOD-62671	zeitgeber time 21	CHLRE_12g489300v5	0.2942	68	tpms	94	Cre12.g489300	g5
E-GEOD-62671	zeitgeber time 3	CHLRE_12g489300v5	NULL	NULL	tpms	13	Cre12.g489300	g6
E-GEOD-62671	zeitgeber time 6	CHLRE_12g489300v5	NULL	NULL	tpms	26	Cre12.g489300	g7
E-GEOD-62671	zeitgeber time 9	CHLRE_12g489300v5	NULL	NULL	tpms	15	Cre12.g489300	g8
E-GEOD-62671	zeitgeber time 0	CHLRE_17g746847v5	NULL	NULL	tpms	0.9	Cre17.g746847	g1
E-GEOD-62671	zeitgeber time 12	CHLRE_17g746847v5	NULL	NULL	tpms	0.4	Cre17.g746847	g2
E-GEOD-62671	zeitgeber time 15	CHLRE_17g746847v5	NULL	NULL	tpms	0.7	Cre17.g746847	g3
E-GEOD-62671	zeitgeber time 18	CHLRE_17g746847v5	NULL	NULL	tpms	0.4	Cre17.g746847	g4
E-GEOD-62671	zeitgeber time 21	CHLRE_17g746847v5	0.295	69	tpms	4	Cre17.g746847	g5
E-GEOD-62671	zeitgeber time 3	CHLRE_17g746847v5	NULL	NULL	tpms	0.5	Cre17.g746847	g6
E-GEOD-62671	zeitgeber time 6	CHLRE_17g746847v5	NULL	NULL	tpms	1	Cre17.g746847	g7
E-GEOD-62671	zeitgeber time 9	CHLRE_17g746847v5	NULL	NULL	tpms	0.1	Cre17.g746847	g8
E-GEOD-62671	zeitgeber time 0	CHLRE_08g374600v5	NULL	NULL	tpms	1	Cre08.g374600	g1
E-GEOD-62671	zeitgeber time 12	CHLRE_08g374600v5	NULL	NULL	tpms	0.8	Cre08.g374600	g2
E-GEOD-62671	zeitgeber time 15	CHLRE_08g374600v5	NULL	NULL	tpms	0.5	Cre08.g374600	g3
E-GEOD-62671	zeitgeber time 18	CHLRE_08g374600v5	NULL	NULL	tpms	0.6	Cre08.g374600	g4
E-GEOD-62671	zeitgeber time 21	CHLRE_08g374600v5	0.2996	70	tpms	5	Cre08.g374600	g5
E-GEOD-62671	zeitgeber time 3	CHLRE_08g374600v5	NULL	NULL	tpms	2	Cre08.g374600	g6
E-GEOD-62671	zeitgeber time 6	CHLRE_08g374600v5	NULL	NULL	tpms	1	Cre08.g374600	g7
E-GEOD-62671	zeitgeber time 9	CHLRE_08g374600v5	NULL	NULL	tpms	0.6	Cre08.g374600	g8
E-GEOD-62671	zeitgeber time 0	CHLRE_13g572600v5	NULL	NULL	tpms	28	Cre13.g572600	g1
E-GEOD-62671	zeitgeber time 12	CHLRE_13g572600v5	NULL	NULL	tpms	67	Cre13.g572600	g2
E-GEOD-62671	zeitgeber time 15	CHLRE_13g572600v5	NULL	NULL	tpms	86	Cre13.g572600	g3
E-GEOD-62671	zeitgeber time 18	CHLRE_13g572600v5	NULL	NULL	tpms	34	Cre13.g572600	g4
E-GEOD-62671	zeitgeber time 21	CHLRE_13g572600v5	0.2997	71	tpms	286	Cre13.g572600	g5
E-GEOD-62671	zeitgeber time 3	CHLRE_13g572600v5	NULL	NULL	tpms	13	Cre13.g572600	g6
E-GEOD-62671	zeitgeber time 6	CHLRE_13g572600v5	NULL	NULL	tpms	26	Cre13.g572600	g7
E-GEOD-62671	zeitgeber time 9	CHLRE_13g572600v5	NULL	NULL	tpms	62	Cre13.g572600	g8
E-GEOD-62671	zeitgeber time 0	CHLRE_12g541550v5	NULL	NULL	tpms	0.1	Cre12.g541550	g1
E-GEOD-62671	zeitgeber time 12	CHLRE_12g541550v5	NULL	NULL	tpms	0.3	Cre12.g541550	g2
E-GEOD-62671	zeitgeber time 15	CHLRE_12g541550v5	NULL	NULL	tpms	0.1	Cre12.g541550	g3
E-GEOD-62671	zeitgeber time 18	CHLRE_12g541550v5	NULL	NULL	tpms	0	Cre12.g541550	g4
E-GEOD-62671	zeitgeber time 21	CHLRE_12g541550v5	NULL	NULL	tpms	0.1	Cre12.g541550	g5
E-GEOD-62671	zeitgeber time 3	CHLRE_12g541550v5	NULL	NULL	tpms	0.4	Cre12.g541550	g6
E-GEOD-62671	zeitgeber time 6	CHLRE_12g541550v5	0.2529	1	tpms	2	Cre12.g541550	g7
E-GEOD-62671	zeitgeber time 9	CHLRE_12g541550v5	NULL	NULL	tpms	0.3	Cre12.g541550	g8
E-GEOD-62671	zeitgeber time 0	CHLRE_16g657200v5	NULL	NULL	tpms	3	Cre16.g657200	g1
E-GEOD-62671	zeitgeber time 12	CHLRE_16g657200v5	NULL	NULL	tpms	2	Cre16.g657200	g2
E-GEOD-62671	zeitgeber time 15	CHLRE_16g657200v5	NULL	NULL	tpms	2	Cre16.g657200	g3
E-GEOD-62671	zeitgeber time 18	CHLRE_16g657200v5	NULL	NULL	tpms	2	Cre16.g657200	g4
E-GEOD-62671	zeitgeber time 21	CHLRE_16g657200v5	NULL	NULL	tpms	3	Cre16.g657200	g5
E-GEOD-62671	zeitgeber time 3	CHLRE_16g657200v5	NULL	NULL	tpms	5	Cre16.g657200	g6
E-GEOD-62671	zeitgeber time 6	CHLRE_16g657200v5	0.2819	2	tpms	19	Cre16.g657200	g7
E-GEOD-62671	zeitgeber time 9	CHLRE_16g657200v5	NULL	NULL	tpms	3	Cre16.g657200	g8
E-GEOD-62671	zeitgeber time 0	CHLRE_17g718000v5	NULL	NULL	tpms	0.3	Cre17.g718000	g1
E-GEOD-62671	zeitgeber time 12	CHLRE_17g718000v5	NULL	NULL	tpms	0	Cre17.g718000	g2
E-GEOD-62671	zeitgeber time 15	CHLRE_17g718000v5	NULL	NULL	tpms	0.1	Cre17.g718000	g3
E-GEOD-62671	zeitgeber time 18	CHLRE_17g718000v5	NULL	NULL	tpms	0.2	Cre17.g718000	g4
E-GEOD-62671	zeitgeber time 21	CHLRE_17g718000v5	NULL	NULL	tpms	0.3	Cre17.g718000	g5
E-GEOD-62671	zeitgeber time 3	CHLRE_17g718000v5	NULL	NULL	tpms	0.7	Cre17.g718000	g6
E-GEOD-62671	zeitgeber time 6	CHLRE_17g718000v5	0.2892	3	tpms	2	Cre17.g718000	g7
E-GEOD-62671	zeitgeber time 9	CHLRE_17g718000v5	NULL	NULL	tpms	0.2	Cre17.g718000	g8
E-GEOD-62671	zeitgeber time 0	CHLRE_04g214600v5	NULL	NULL	tpms	0.2	Cre04.g214600	g1
E-GEOD-62671	zeitgeber time 12	CHLRE_04g214600v5	NULL	NULL	tpms	1	Cre04.g214600	g2
E-GEOD-62671	zeitgeber time 15	CHLRE_04g214600v5	NULL	NULL	tpms	0.7	Cre04.g214600	g3
E-GEOD-62671	zeitgeber time 18	CHLRE_04g214600v5	NULL	NULL	tpms	0.2	Cre04.g214600	g4
E-GEOD-62671	zeitgeber time 21	CHLRE_04g214600v5	NULL	NULL	tpms	0.2	Cre04.g214600	g5
E-GEOD-62671	zeitgeber time 3	CHLRE_04g214600v5	NULL	NULL	tpms	0.1	Cre04.g214600	g6
E-GEOD-62671	zeitgeber time 6	CHLRE_04g214600v5	NULL	NULL	tpms	0.3	Cre04.g214600	g7
E-GEOD-62671	zeitgeber time 9	CHLRE_04g214600v5	0.0529	1	tpms	19	Cre04.g214600	g8
E-GEOD-62671	zeitgeber time 0	CHLRE_17g714750v5	NULL	NULL	tpms	0.2	Cre17.g714750	g1
E-GEOD-62671	zeitgeber time 12	CHLRE_17g714750v5	NULL	NULL	tpms	0.6	Cre17.g714750	g2
E-GEOD-62671	zeitgeber time 15	CHLRE_17g714750v5	NULL	NULL	tpms	0.3	Cre17.g714750	g3
E-GEOD-62671	zeitgeber time 18	CHLRE_17g714750v5	NULL	NULL	tpms	0.4	Cre17.g714750	g4
E-GEOD-62671	zeitgeber time 21	CHLRE_17g714750v5	NULL	NULL	tpms	0.1	Cre17.g714750	g5
E-GEOD-62671	zeitgeber time 3	CHLRE_17g714750v5	NULL	NULL	tpms	0.3	Cre17.g714750	g6
E-GEOD-62671	zeitgeber time 6	CHLRE_17g714750v5	NULL	NULL	tpms	1	Cre17.g714750	g7
E-GEOD-62671	zeitgeber time 9	CHLRE_17g714750v5	0.0702	2	tpms	19	Cre17.g714750	g8
E-GEOD-62671	zeitgeber time 0	CHLRE_13g569450v5	NULL	NULL	tpms	0.5	Cre13.g569450	g1
E-GEOD-62671	zeitgeber time 12	CHLRE_13g569450v5	NULL	NULL	tpms	0.1	Cre13.g569450	g2
E-GEOD-62671	zeitgeber time 15	CHLRE_13g569450v5	NULL	NULL	tpms	0.8	Cre13.g569450	g3
E-GEOD-62671	zeitgeber time 18	CHLRE_13g569450v5	NULL	NULL	tpms	0.2	Cre13.g569450	g4
E-GEOD-62671	zeitgeber time 21	CHLRE_13g569450v5	NULL	NULL	tpms	0.4	Cre13.g569450	g5
E-GEOD-62671	zeitgeber time 3	CHLRE_13g569450v5	NULL	NULL	tpms	0.4	Cre13.g569450	g6
E-GEOD-62671	zeitgeber time 6	CHLRE_13g569450v5	NULL	NULL	tpms	0.7	Cre13.g569450	g7
E-GEOD-62671	zeitgeber time 9	CHLRE_13g569450v5	0.0921	3	tpms	8	Cre13.g569450	g8
E-GEOD-62671	zeitgeber time 0	CHLRE_05g238450v5	NULL	NULL	tpms	0.1	Cre05.g238450	g1
E-GEOD-62671	zeitgeber time 12	CHLRE_05g238450v5	NULL	NULL	tpms	0.3	Cre05.g238450	g2
E-GEOD-62671	zeitgeber time 15	CHLRE_05g238450v5	NULL	NULL	tpms	0.2	Cre05.g238450	g3
E-GEOD-62671	zeitgeber time 18	CHLRE_05g238450v5	NULL	NULL	tpms	0	Cre05.g238450	g4
E-GEOD-62671	zeitgeber time 21	CHLRE_05g238450v5	NULL	NULL	tpms	0	Cre05.g238450	g5
E-GEOD-62671	zeitgeber time 3	CHLRE_05g238450v5	NULL	NULL	tpms	0.1	Cre05.g238450	g6
E-GEOD-62671	zeitgeber time 6	CHLRE_05g238450v5	NULL	NULL	tpms	0.3	Cre05.g238450	g7
E-GEOD-62671	zeitgeber time 9	CHLRE_05g238450v5	0.1032	4	tpms	3	Cre05.g238450	g8
E-GEOD-62671	zeitgeber time 0	CHLRE_17g740800v5	NULL	NULL	tpms	0.7	Cre17.g740800	g1
E-GEOD-62671	zeitgeber time 12	CHLRE_17g740800v5	NULL	NULL	tpms	2	Cre17.g740800	g2
E-GEOD-62671	zeitgeber time 15	CHLRE_17g740800v5	NULL	NULL	tpms	2	Cre17.g740800	g3
E-GEOD-62671	zeitgeber time 18	CHLRE_17g740800v5	NULL	NULL	tpms	0.7	Cre17.g740800	g4
E-GEOD-62671	zeitgeber time 21	CHLRE_17g740800v5	NULL	NULL	tpms	0.3	Cre17.g740800	g5
E-GEOD-62671	zeitgeber time 3	CHLRE_17g740800v5	NULL	NULL	tpms	1	Cre17.g740800	g6
E-GEOD-62671	zeitgeber time 6	CHLRE_17g740800v5	NULL	NULL	tpms	2	Cre17.g740800	g7
E-GEOD-62671	zeitgeber time 9	CHLRE_17g740800v5	0.1065	5	tpms	19	Cre17.g740800	g8
E-GEOD-62671	zeitgeber time 0	CHLRE_11g467599v5	NULL	NULL	tpms	0.7	Cre11.g467599	g1
E-GEOD-62671	zeitgeber time 12	CHLRE_11g467599v5	NULL	NULL	tpms	4	Cre11.g467599	g2
E-GEOD-62671	zeitgeber time 15	CHLRE_11g467599v5	NULL	NULL	tpms	1	Cre11.g467599	g3
E-GEOD-62671	zeitgeber time 18	CHLRE_11g467599v5	NULL	NULL	tpms	0.9	Cre11.g467599	g4
E-GEOD-62671	zeitgeber time 21	CHLRE_11g467599v5	NULL	NULL	tpms	0.8	Cre11.g467599	g5
E-GEOD-62671	zeitgeber time 3	CHLRE_11g467599v5	NULL	NULL	tpms	1	Cre11.g467599	g6
E-GEOD-62671	zeitgeber time 6	CHLRE_11g467599v5	NULL	NULL	tpms	19	Cre11.g467599	g7
E-GEOD-62671	zeitgeber time 9	CHLRE_11g467599v5	0.1107	6	tpms	173	Cre11.g467599	g8
E-GEOD-62671	zeitgeber time 0	CHLRE_11g467601v5	NULL	NULL	tpms	1	Cre11.g467601	g1
E-GEOD-62671	zeitgeber time 12	CHLRE_11g467601v5	NULL	NULL	tpms	7	Cre11.g467601	g2
E-GEOD-62671	zeitgeber time 15	CHLRE_11g467601v5	NULL	NULL	tpms	3	Cre11.g467601	g3
E-GEOD-62671	zeitgeber time 18	CHLRE_11g467601v5	NULL	NULL	tpms	2	Cre11.g467601	g4
E-GEOD-62671	zeitgeber time 21	CHLRE_11g467601v5	NULL	NULL	tpms	3	Cre11.g467601	g5
E-GEOD-62671	zeitgeber time 3	CHLRE_11g467601v5	NULL	NULL	tpms	3	Cre11.g467601	g6
E-GEOD-62671	zeitgeber time 6	CHLRE_11g467601v5	NULL	NULL	tpms	19	Cre11.g467601	g7
E-GEOD-62671	zeitgeber time 9	CHLRE_11g467601v5	0.1201	7	tpms	158	Cre11.g467601	g8
E-GEOD-62671	zeitgeber time 0	CHLRE_10g437400v5	NULL	NULL	tpms	0.1	Cre10.g437400	g1
E-GEOD-62671	zeitgeber time 12	CHLRE_10g437400v5	NULL	NULL	tpms	0.5	Cre10.g437400	g2
E-GEOD-62671	zeitgeber time 15	CHLRE_10g437400v5	NULL	NULL	tpms	0.7	Cre10.g437400	g3
E-GEOD-62671	zeitgeber time 18	CHLRE_10g437400v5	NULL	NULL	tpms	0.6	Cre10.g437400	g4
E-GEOD-62671	zeitgeber time 21	CHLRE_10g437400v5	NULL	NULL	tpms	0.1	Cre10.g437400	g5
E-GEOD-62671	zeitgeber time 3	CHLRE_10g437400v5	NULL	NULL	tpms	0.4	Cre10.g437400	g6
E-GEOD-62671	zeitgeber time 6	CHLRE_10g437400v5	NULL	NULL	tpms	1	Cre10.g437400	g7
E-GEOD-62671	zeitgeber time 9	CHLRE_10g437400v5	0.1224	8	tpms	8	Cre10.g437400	g8
E-GEOD-62671	zeitgeber time 0	CHLRE_13g569400v5	NULL	NULL	tpms	2	Cre13.g569400	g1
E-GEOD-62671	zeitgeber time 12	CHLRE_13g569400v5	NULL	NULL	tpms	1	Cre13.g569400	g2
E-GEOD-62671	zeitgeber time 15	CHLRE_13g569400v5	NULL	NULL	tpms	5	Cre13.g569400	g3
E-GEOD-62671	zeitgeber time 18	CHLRE_13g569400v5	NULL	NULL	tpms	1	Cre13.g569400	g4
E-GEOD-62671	zeitgeber time 21	CHLRE_13g569400v5	NULL	NULL	tpms	1	Cre13.g569400	g5
E-GEOD-62671	zeitgeber time 3	CHLRE_13g569400v5	NULL	NULL	tpms	2	Cre13.g569400	g6
E-GEOD-62671	zeitgeber time 6	CHLRE_13g569400v5	NULL	NULL	tpms	3	Cre13.g569400	g7
E-GEOD-62671	zeitgeber time 9	CHLRE_13g569400v5	0.1294	9	tpms	36	Cre13.g569400	g8
E-GEOD-62671	zeitgeber time 0	CHLRE_03g152200v5	NULL	NULL	tpms	0.1	Cre03.g152200	g1
E-GEOD-62671	zeitgeber time 12	CHLRE_03g152200v5	NULL	NULL	tpms	0.9	Cre03.g152200	g2
E-GEOD-62671	zeitgeber time 15	CHLRE_03g152200v5	NULL	NULL	tpms	0.7	Cre03.g152200	g3
E-GEOD-62671	zeitgeber time 18	CHLRE_03g152200v5	NULL	NULL	tpms	1	Cre03.g152200	g4
E-GEOD-62671	zeitgeber time 21	CHLRE_03g152200v5	NULL	NULL	tpms	0.2	Cre03.g152200	g5
E-GEOD-62671	zeitgeber time 3	CHLRE_03g152200v5	NULL	NULL	tpms	0.3	Cre03.g152200	g6
E-GEOD-62671	zeitgeber time 6	CHLRE_03g152200v5	NULL	NULL	tpms	1	Cre03.g152200	g7
E-GEOD-62671	zeitgeber time 9	CHLRE_03g152200v5	0.1307	10	tpms	10	Cre03.g152200	g8
E-GEOD-62671	zeitgeber time 0	CHLRE_07g326833v5	NULL	NULL	tpms	0.3	Cre07.g326833	g1
E-GEOD-62671	zeitgeber time 12	CHLRE_07g326833v5	NULL	NULL	tpms	2	Cre07.g326833	g2
E-GEOD-62671	zeitgeber time 15	CHLRE_07g326833v5	NULL	NULL	tpms	1	Cre07.g326833	g3
E-GEOD-62671	zeitgeber time 18	CHLRE_07g326833v5	NULL	NULL	tpms	2	Cre07.g326833	g4
E-GEOD-62671	zeitgeber time 21	CHLRE_07g326833v5	NULL	NULL	tpms	0.3	Cre07.g326833	g5
E-GEOD-62671	zeitgeber time 3	CHLRE_07g326833v5	NULL	NULL	tpms	0.5	Cre07.g326833	g6
E-GEOD-62671	zeitgeber time 6	CHLRE_07g326833v5	NULL	NULL	tpms	3	Cre07.g326833	g7
E-GEOD-62671	zeitgeber time 9	CHLRE_07g326833v5	0.1451	11	tpms	23	Cre07.g326833	g8
E-GEOD-62671	zeitgeber time 0	CHLRE_14g610250v5	NULL	NULL	tpms	0.1	Cre14.g610250	g1
E-GEOD-62671	zeitgeber time 12	CHLRE_14g610250v5	NULL	NULL	tpms	1	Cre14.g610250	g2
E-GEOD-62671	zeitgeber time 15	CHLRE_14g610250v5	NULL	NULL	tpms	0.8	Cre14.g610250	g3
E-GEOD-62671	zeitgeber time 18	CHLRE_14g610250v5	NULL	NULL	tpms	1	Cre14.g610250	g4
E-GEOD-62671	zeitgeber time 21	CHLRE_14g610250v5	NULL	NULL	tpms	0.2	Cre14.g610250	g5
E-GEOD-62671	zeitgeber time 3	CHLRE_14g610250v5	NULL	NULL	tpms	0.1	Cre14.g610250	g6
E-GEOD-62671	zeitgeber time 6	CHLRE_14g610250v5	NULL	NULL	tpms	0.7	Cre14.g610250	g7
E-GEOD-62671	zeitgeber time 9	CHLRE_14g610250v5	0.1544	12	tpms	9	Cre14.g610250	g8
E-GEOD-62671	zeitgeber time 0	CHLRE_01g027300v5	NULL	NULL	tpms	2	Cre01.g027300	g1
E-GEOD-62671	zeitgeber time 12	CHLRE_01g027300v5	NULL	NULL	tpms	4	Cre01.g027300	g2
E-GEOD-62671	zeitgeber time 15	CHLRE_01g027300v5	NULL	NULL	tpms	3	Cre01.g027300	g3
E-GEOD-62671	zeitgeber time 18	CHLRE_01g027300v5	NULL	NULL	tpms	5	Cre01.g027300	g4
E-GEOD-62671	zeitgeber time 21	CHLRE_01g027300v5	NULL	NULL	tpms	4	Cre01.g027300	g5
E-GEOD-62671	zeitgeber time 3	CHLRE_01g027300v5	NULL	NULL	tpms	2	Cre01.g027300	g6
E-GEOD-62671	zeitgeber time 6	CHLRE_01g027300v5	NULL	NULL	tpms	11	Cre01.g027300	g7
E-GEOD-62671	zeitgeber time 9	CHLRE_01g027300v5	0.1683	13	tpms	66	Cre01.g027300	g8
E-GEOD-62671	zeitgeber time 0	CHLRE_10g425050v5	NULL	NULL	tpms	5	Cre10.g425050	g1
E-GEOD-62671	zeitgeber time 12	CHLRE_10g425050v5	NULL	NULL	tpms	0.8	Cre10.g425050	g2
E-GEOD-62671	zeitgeber time 15	CHLRE_10g425050v5	NULL	NULL	tpms	0.8	Cre10.g425050	g3
E-GEOD-62671	zeitgeber time 18	CHLRE_10g425050v5	NULL	NULL	tpms	1	Cre10.g425050	g4
E-GEOD-62671	zeitgeber time 21	CHLRE_10g425050v5	NULL	NULL	tpms	2	Cre10.g425050	g5
E-GEOD-62671	zeitgeber time 3	CHLRE_10g425050v5	NULL	NULL	tpms	7	Cre10.g425050	g6
E-GEOD-62671	zeitgeber time 6	CHLRE_10g425050v5	NULL	NULL	tpms	6	Cre10.g425050	g7
E-GEOD-62671	zeitgeber time 9	CHLRE_10g425050v5	0.1875	14	tpms	38	Cre10.g425050	g8
E-GEOD-62671	zeitgeber time 0	CHLRE_02g120001v5	NULL	NULL	tpms	0.1	Cre02.g120001	g1
E-GEOD-62671	zeitgeber time 12	CHLRE_02g120001v5	NULL	NULL	tpms	0.2	Cre02.g120001	g2
E-GEOD-62671	zeitgeber time 15	CHLRE_02g120001v5	NULL	NULL	tpms	0.1	Cre02.g120001	g3
E-GEOD-62671	zeitgeber time 18	CHLRE_02g120001v5	NULL	NULL	tpms	0.1	Cre02.g120001	g4
E-GEOD-62671	zeitgeber time 21	CHLRE_02g120001v5	NULL	NULL	tpms	0.2	Cre02.g120001	g5
E-GEOD-62671	zeitgeber time 3	CHLRE_02g120001v5	NULL	NULL	tpms	0	Cre02.g120001	g6
E-GEOD-62671	zeitgeber time 6	CHLRE_02g120001v5	NULL	NULL	tpms	0.3	Cre02.g120001	g7
E-GEOD-62671	zeitgeber time 9	CHLRE_02g120001v5	0.1899	15	tpms	2	Cre02.g120001	g8
E-GEOD-62671	zeitgeber time 0	CHLRE_09g399915v5	NULL	NULL	tpms	1	Cre09.g399915	g1
E-GEOD-62671	zeitgeber time 12	CHLRE_09g399915v5	NULL	NULL	tpms	2	Cre09.g399915	g2
E-GEOD-62671	zeitgeber time 15	CHLRE_09g399915v5	NULL	NULL	tpms	2	Cre09.g399915	g3
E-GEOD-62671	zeitgeber time 18	CHLRE_09g399915v5	NULL	NULL	tpms	1	Cre09.g399915	g4
E-GEOD-62671	zeitgeber time 21	CHLRE_09g399915v5	NULL	NULL	tpms	1	Cre09.g399915	g5
E-GEOD-62671	zeitgeber time 3	CHLRE_09g399915v5	NULL	NULL	tpms	1	Cre09.g399915	g6
E-GEOD-62671	zeitgeber time 6	CHLRE_09g399915v5	NULL	NULL	tpms	2	Cre09.g399915	g7
E-GEOD-62671	zeitgeber time 9	CHLRE_09g399915v5	0.1919	16	tpms	12	Cre09.g399915	g8
E-GEOD-62671	zeitgeber time 0	CHLRE_09g413533v5	NULL	NULL	tpms	0.4	Cre09.g413533	g1
E-GEOD-62671	zeitgeber time 12	CHLRE_09g413533v5	NULL	NULL	tpms	0.4	Cre09.g413533	g2
E-GEOD-62671	zeitgeber time 15	CHLRE_09g413533v5	NULL	NULL	tpms	0.2	Cre09.g413533	g3
E-GEOD-62671	zeitgeber time 18	CHLRE_09g413533v5	NULL	NULL	tpms	0.2	Cre09.g413533	g4
E-GEOD-62671	zeitgeber time 21	CHLRE_09g413533v5	NULL	NULL	tpms	0.4	Cre09.g413533	g5
E-GEOD-62671	zeitgeber time 3	CHLRE_09g413533v5	NULL	NULL	tpms	0.3	Cre09.g413533	g6
E-GEOD-62671	zeitgeber time 6	CHLRE_09g413533v5	NULL	NULL	tpms	0.4	Cre09.g413533	g7
E-GEOD-62671	zeitgeber time 9	CHLRE_09g413533v5	0.2181	17	tpms	2	Cre09.g413533	g8
E-GEOD-62671	zeitgeber time 0	CHLRE_01g000150v5	NULL	NULL	tpms	0.4	Cre01.g000150	g1
E-GEOD-62671	zeitgeber time 12	CHLRE_01g000150v5	NULL	NULL	tpms	1	Cre01.g000150	g2
E-GEOD-62671	zeitgeber time 15	CHLRE_01g000150v5	NULL	NULL	tpms	0.1	Cre01.g000150	g3
E-GEOD-62671	zeitgeber time 18	CHLRE_01g000150v5	NULL	NULL	tpms	0.5	Cre01.g000150	g4
E-GEOD-62671	zeitgeber time 21	CHLRE_01g000150v5	NULL	NULL	tpms	0	Cre01.g000150	g5
E-GEOD-62671	zeitgeber time 3	CHLRE_01g000150v5	NULL	NULL	tpms	0.2	Cre01.g000150	g6
E-GEOD-62671	zeitgeber time 6	CHLRE_01g000150v5	NULL	NULL	tpms	0.3	Cre01.g000150	g7
E-GEOD-62671	zeitgeber time 9	CHLRE_01g000150v5	0.2289	18	tpms	5	Cre01.g000150	g8
E-GEOD-62671	zeitgeber time 0	CHLRE_16g691150v5	NULL	NULL	tpms	0.3	Cre16.g691150	g1
E-GEOD-62671	zeitgeber time 12	CHLRE_16g691150v5	NULL	NULL	tpms	2	Cre16.g691150	g2
E-GEOD-62671	zeitgeber time 15	CHLRE_16g691150v5	NULL	NULL	tpms	1	Cre16.g691150	g3
E-GEOD-62671	zeitgeber time 18	CHLRE_16g691150v5	NULL	NULL	tpms	0.6	Cre16.g691150	g4
E-GEOD-62671	zeitgeber time 21	CHLRE_16g691150v5	NULL	NULL	tpms	2	Cre16.g691150	g5
E-GEOD-62671	zeitgeber time 3	CHLRE_16g691150v5	NULL	NULL	tpms	0.4	Cre16.g691150	g6
E-GEOD-62671	zeitgeber time 6	CHLRE_16g691150v5	NULL	NULL	tpms	2	Cre16.g691150	g7
E-GEOD-62671	zeitgeber time 9	CHLRE_16g691150v5	0.2306	19	tpms	10	Cre16.g691150	g8
E-GEOD-62671	zeitgeber time 0	CHLRE_16g657600v5	NULL	NULL	tpms	0.3	Cre16.g657600	g1
E-GEOD-62671	zeitgeber time 12	CHLRE_16g657600v5	NULL	NULL	tpms	0.9	Cre16.g657600	g2
E-GEOD-62671	zeitgeber time 15	CHLRE_16g657600v5	NULL	NULL	tpms	0.4	Cre16.g657600	g3
E-GEOD-62671	zeitgeber time 18	CHLRE_16g657600v5	NULL	NULL	tpms	0.1	Cre16.g657600	g4
E-GEOD-62671	zeitgeber time 21	CHLRE_16g657600v5	NULL	NULL	tpms	0.3	Cre16.g657600	g5
E-GEOD-62671	zeitgeber time 3	CHLRE_16g657600v5	NULL	NULL	tpms	0.5	Cre16.g657600	g6
E-GEOD-62671	zeitgeber time 6	CHLRE_16g657600v5	NULL	NULL	tpms	0.7	Cre16.g657600	g7
E-GEOD-62671	zeitgeber time 9	CHLRE_16g657600v5	0.2374	20	tpms	4	Cre16.g657600	g8
E-GEOD-62671	zeitgeber time 0	CHLRE_11g467594v5	NULL	NULL	tpms	0.5	Cre11.g467594	g1
E-GEOD-62671	zeitgeber time 12	CHLRE_11g467594v5	NULL	NULL	tpms	3	Cre11.g467594	g2
E-GEOD-62671	zeitgeber time 15	CHLRE_11g467594v5	NULL	NULL	tpms	1	Cre11.g467594	g3
E-GEOD-62671	zeitgeber time 18	CHLRE_11g467594v5	NULL	NULL	tpms	1	Cre11.g467594	g4
E-GEOD-62671	zeitgeber time 21	CHLRE_11g467594v5	NULL	NULL	tpms	1	Cre11.g467594	g5
E-GEOD-62671	zeitgeber time 3	CHLRE_11g467594v5	NULL	NULL	tpms	2	Cre11.g467594	g6
E-GEOD-62671	zeitgeber time 6	CHLRE_11g467594v5	NULL	NULL	tpms	26	Cre11.g467594	g7
E-GEOD-62671	zeitgeber time 9	CHLRE_11g467594v5	0.241	21	tpms	107	Cre11.g467594	g8
E-GEOD-62671	zeitgeber time 0	CHLRE_03g152250v5	NULL	NULL	tpms	49	Cre03.g152250	g1
E-GEOD-62671	zeitgeber time 12	CHLRE_03g152250v5	NULL	NULL	tpms	15	Cre03.g152250	g2
E-GEOD-62671	zeitgeber time 15	CHLRE_03g152250v5	NULL	NULL	tpms	14	Cre03.g152250	g3
E-GEOD-62671	zeitgeber time 18	CHLRE_03g152250v5	NULL	NULL	tpms	40	Cre03.g152250	g4
E-GEOD-62671	zeitgeber time 21	CHLRE_03g152250v5	NULL	NULL	tpms	34	Cre03.g152250	g5
E-GEOD-62671	zeitgeber time 3	CHLRE_03g152250v5	NULL	NULL	tpms	28	Cre03.g152250	g6
E-GEOD-62671	zeitgeber time 6	CHLRE_03g152250v5	NULL	NULL	tpms	64	Cre03.g152250	g7
E-GEOD-62671	zeitgeber time 9	CHLRE_03g152250v5	0.2453	22	tpms	261	Cre03.g152250	g8
E-GEOD-62671	zeitgeber time 0	CHLRE_02g108150v5	NULL	NULL	tpms	8	Cre02.g108150	g1
E-GEOD-62671	zeitgeber time 12	CHLRE_02g108150v5	NULL	NULL	tpms	13	Cre02.g108150	g2
E-GEOD-62671	zeitgeber time 15	CHLRE_02g108150v5	NULL	NULL	tpms	0.6	Cre02.g108150	g3
E-GEOD-62671	zeitgeber time 18	CHLRE_02g108150v5	NULL	NULL	tpms	0.4	Cre02.g108150	g4
E-GEOD-62671	zeitgeber time 21	CHLRE_02g108150v5	NULL	NULL	tpms	2	Cre02.g108150	g5
E-GEOD-62671	zeitgeber time 3	CHLRE_02g108150v5	NULL	NULL	tpms	24	Cre02.g108150	g6
E-GEOD-62671	zeitgeber time 6	CHLRE_02g108150v5	NULL	NULL	tpms	24	Cre02.g108150	g7
E-GEOD-62671	zeitgeber time 9	CHLRE_02g108150v5	0.2532	23	tpms	95	Cre02.g108150	g8
E-GEOD-62671	zeitgeber time 0	CHLRE_01g009550v5	NULL	NULL	tpms	6	Cre01.g009550	g1
E-GEOD-62671	zeitgeber time 12	CHLRE_01g009550v5	NULL	NULL	tpms	14	Cre01.g009550	g2
E-GEOD-62671	zeitgeber time 15	CHLRE_01g009550v5	NULL	NULL	tpms	12	Cre01.g009550	g3
E-GEOD-62671	zeitgeber time 18	CHLRE_01g009550v5	NULL	NULL	tpms	8	Cre01.g009550	g4
E-GEOD-62671	zeitgeber time 21	CHLRE_01g009550v5	NULL	NULL	tpms	4	Cre01.g009550	g5
E-GEOD-62671	zeitgeber time 3	CHLRE_01g009550v5	NULL	NULL	tpms	6	Cre01.g009550	g6
E-GEOD-62671	zeitgeber time 6	CHLRE_01g009550v5	NULL	NULL	tpms	6	Cre01.g009550	g7
E-GEOD-62671	zeitgeber time 9	CHLRE_01g009550v5	0.2585	24	tpms	53	Cre01.g009550	g8
E-GEOD-62671	zeitgeber time 0	CHLRE_02g094700v5	NULL	NULL	tpms	2	Cre02.g094700	g1
E-GEOD-62671	zeitgeber time 12	CHLRE_02g094700v5	NULL	NULL	tpms	1	Cre02.g094700	g2
E-GEOD-62671	zeitgeber time 15	CHLRE_02g094700v5	NULL	NULL	tpms	1	Cre02.g094700	g3
E-GEOD-62671	zeitgeber time 18	CHLRE_02g094700v5	NULL	NULL	tpms	0.7	Cre02.g094700	g4
E-GEOD-62671	zeitgeber time 21	CHLRE_02g094700v5	NULL	NULL	tpms	1	Cre02.g094700	g5
E-GEOD-62671	zeitgeber time 3	CHLRE_02g094700v5	NULL	NULL	tpms	4	Cre02.g094700	g6
E-GEOD-62671	zeitgeber time 6	CHLRE_02g094700v5	NULL	NULL	tpms	5	Cre02.g094700	g7
E-GEOD-62671	zeitgeber time 9	CHLRE_02g094700v5	0.262	25	tpms	18	Cre02.g094700	g8
E-GEOD-62671	zeitgeber time 0	CHLRE_14g625600v5	NULL	NULL	tpms	3	Cre14.g625600	g1
E-GEOD-62671	zeitgeber time 12	CHLRE_14g625600v5	NULL	NULL	tpms	5	Cre14.g625600	g2
E-GEOD-62671	zeitgeber time 15	CHLRE_14g625600v5	NULL	NULL	tpms	2	Cre14.g625600	g3
E-GEOD-62671	zeitgeber time 18	CHLRE_14g625600v5	NULL	NULL	tpms	0.7	Cre14.g625600	g4
E-GEOD-62671	zeitgeber time 21	CHLRE_14g625600v5	NULL	NULL	tpms	2	Cre14.g625600	g5
E-GEOD-62671	zeitgeber time 3	CHLRE_14g625600v5	NULL	NULL	tpms	4	Cre14.g625600	g6
E-GEOD-62671	zeitgeber time 6	CHLRE_14g625600v5	NULL	NULL	tpms	4	Cre14.g625600	g7
E-GEOD-62671	zeitgeber time 9	CHLRE_14g625600v5	0.2679	26	tpms	20	Cre14.g625600	g8
E-GEOD-62671	zeitgeber time 0	CHLRE_11g467593v5	NULL	NULL	tpms	1	Cre11.g467593	g1
E-GEOD-62671	zeitgeber time 12	CHLRE_11g467593v5	NULL	NULL	tpms	4	Cre11.g467593	g2
E-GEOD-62671	zeitgeber time 15	CHLRE_11g467593v5	NULL	NULL	tpms	2	Cre11.g467593	g3
E-GEOD-62671	zeitgeber time 18	CHLRE_11g467593v5	NULL	NULL	tpms	2	Cre11.g467593	g4
E-GEOD-62671	zeitgeber time 21	CHLRE_11g467593v5	NULL	NULL	tpms	3	Cre11.g467593	g5
E-GEOD-62671	zeitgeber time 3	CHLRE_11g467593v5	NULL	NULL	tpms	2	Cre11.g467593	g6
E-GEOD-62671	zeitgeber time 6	CHLRE_11g467593v5	NULL	NULL	tpms	25	Cre11.g467593	g7
E-GEOD-62671	zeitgeber time 9	CHLRE_11g467593v5	0.268	27	tpms	92	Cre11.g467593	g8
E-GEOD-62671	zeitgeber time 0	CHLRE_06g302050v5	NULL	NULL	tpms	8	Cre06.g302050	g1
E-GEOD-62671	zeitgeber time 12	CHLRE_06g302050v5	NULL	NULL	tpms	8	Cre06.g302050	g2
E-GEOD-62671	zeitgeber time 15	CHLRE_06g302050v5	NULL	NULL	tpms	4	Cre06.g302050	g3
E-GEOD-62671	zeitgeber time 18	CHLRE_06g302050v5	NULL	NULL	tpms	4	Cre06.g302050	g4
E-GEOD-62671	zeitgeber time 21	CHLRE_06g302050v5	NULL	NULL	tpms	5	Cre06.g302050	g5
E-GEOD-62671	zeitgeber time 3	CHLRE_06g302050v5	NULL	NULL	tpms	16	Cre06.g302050	g6
E-GEOD-62671	zeitgeber time 6	CHLRE_06g302050v5	NULL	NULL	tpms	17	Cre06.g302050	g7
E-GEOD-62671	zeitgeber time 9	CHLRE_06g302050v5	0.2714	28	tpms	63	Cre06.g302050	g8
E-GEOD-62671	zeitgeber time 0	CHLRE_01g038900v5	NULL	NULL	tpms	4	Cre01.g038900	g1
E-GEOD-62671	zeitgeber time 12	CHLRE_01g038900v5	NULL	NULL	tpms	5	Cre01.g038900	g2
E-GEOD-62671	zeitgeber time 15	CHLRE_01g038900v5	NULL	NULL	tpms	7	Cre01.g038900	g3
E-GEOD-62671	zeitgeber time 18	CHLRE_01g038900v5	NULL	NULL	tpms	3	Cre01.g038900	g4
E-GEOD-62671	zeitgeber time 21	CHLRE_01g038900v5	NULL	NULL	tpms	4	Cre01.g038900	g5
E-GEOD-62671	zeitgeber time 3	CHLRE_01g038900v5	NULL	NULL	tpms	9	Cre01.g038900	g6
E-GEOD-62671	zeitgeber time 6	CHLRE_01g038900v5	NULL	NULL	tpms	9	Cre01.g038900	g7
E-GEOD-62671	zeitgeber time 9	CHLRE_01g038900v5	0.2751	29	tpms	34	Cre01.g038900	g8
E-GEOD-62671	zeitgeber time 0	CHLRE_02g076550v5	NULL	NULL	tpms	9	Cre02.g076550	g1
E-GEOD-62671	zeitgeber time 12	CHLRE_02g076550v5	NULL	NULL	tpms	7	Cre02.g076550	g2
E-GEOD-62671	zeitgeber time 15	CHLRE_02g076550v5	NULL	NULL	tpms	8	Cre02.g076550	g3
E-GEOD-62671	zeitgeber time 18	CHLRE_02g076550v5	NULL	NULL	tpms	8	Cre02.g076550	g4
E-GEOD-62671	zeitgeber time 21	CHLRE_02g076550v5	NULL	NULL	tpms	4	Cre02.g076550	g5
E-GEOD-62671	zeitgeber time 3	CHLRE_02g076550v5	NULL	NULL	tpms	10	Cre02.g076550	g6
E-GEOD-62671	zeitgeber time 6	CHLRE_02g076550v5	NULL	NULL	tpms	13	Cre02.g076550	g7
E-GEOD-62671	zeitgeber time 9	CHLRE_02g076550v5	0.2813	30	tpms	46	Cre02.g076550	g8
E-GEOD-62671	zeitgeber time 0	CHLRE_16g673057v5	NULL	NULL	tpms	9	Cre16.g673057	g1
E-GEOD-62671	zeitgeber time 12	CHLRE_16g673057v5	NULL	NULL	tpms	12	Cre16.g673057	g2
E-GEOD-62671	zeitgeber time 15	CHLRE_16g673057v5	NULL	NULL	tpms	14	Cre16.g673057	g3
E-GEOD-62671	zeitgeber time 18	CHLRE_16g673057v5	NULL	NULL	tpms	9	Cre16.g673057	g4
E-GEOD-62671	zeitgeber time 21	CHLRE_16g673057v5	NULL	NULL	tpms	8	Cre16.g673057	g5
E-GEOD-62671	zeitgeber time 3	CHLRE_16g673057v5	NULL	NULL	tpms	12	Cre16.g673057	g6
E-GEOD-62671	zeitgeber time 6	CHLRE_16g673057v5	NULL	NULL	tpms	17	Cre16.g673057	g7
E-GEOD-62671	zeitgeber time 9	CHLRE_16g673057v5	0.2864	31	tpms	60	Cre16.g673057	g8
E-GEOD-62671	zeitgeber time 0	CHLRE_02g115950v5	NULL	NULL	tpms	4	Cre02.g115950	g1
E-GEOD-62671	zeitgeber time 12	CHLRE_02g115950v5	NULL	NULL	tpms	7	Cre02.g115950	g2
E-GEOD-62671	zeitgeber time 15	CHLRE_02g115950v5	NULL	NULL	tpms	3	Cre02.g115950	g3
E-GEOD-62671	zeitgeber time 18	CHLRE_02g115950v5	NULL	NULL	tpms	4	Cre02.g115950	g4
E-GEOD-62671	zeitgeber time 21	CHLRE_02g115950v5	NULL	NULL	tpms	3	Cre02.g115950	g5
E-GEOD-62671	zeitgeber time 3	CHLRE_02g115950v5	NULL	NULL	tpms	7	Cre02.g115950	g6
E-GEOD-62671	zeitgeber time 6	CHLRE_02g115950v5	NULL	NULL	tpms	21	Cre02.g115950	g7
E-GEOD-62671	zeitgeber time 9	CHLRE_02g115950v5	0.2865	32	tpms	72	Cre02.g115950	g8
E-GEOD-62671	zeitgeber time 0	CHLRE_14g609900v5	NULL	NULL	tpms	2	Cre14.g609900	g1
E-GEOD-62671	zeitgeber time 12	CHLRE_14g609900v5	NULL	NULL	tpms	5	Cre14.g609900	g2
E-GEOD-62671	zeitgeber time 15	CHLRE_14g609900v5	NULL	NULL	tpms	4	Cre14.g609900	g3
E-GEOD-62671	zeitgeber time 18	CHLRE_14g609900v5	NULL	NULL	tpms	7	Cre14.g609900	g4
E-GEOD-62671	zeitgeber time 21	CHLRE_14g609900v5	NULL	NULL	tpms	4	Cre14.g609900	g5
E-GEOD-62671	zeitgeber time 3	CHLRE_14g609900v5	NULL	NULL	tpms	4	Cre14.g609900	g6
E-GEOD-62671	zeitgeber time 6	CHLRE_14g609900v5	NULL	NULL	tpms	6	Cre14.g609900	g7
E-GEOD-62671	zeitgeber time 9	CHLRE_14g609900v5	0.2898	33	tpms	23	Cre14.g609900	g8
E-GEOD-62671	zeitgeber time 0	CHLRE_11g482650v5	NULL	NULL	tpms	9	Cre11.g482650	g1
E-GEOD-62671	zeitgeber time 12	CHLRE_11g482650v5	NULL	NULL	tpms	7	Cre11.g482650	g2
E-GEOD-62671	zeitgeber time 15	CHLRE_11g482650v5	NULL	NULL	tpms	5	Cre11.g482650	g3
E-GEOD-62671	zeitgeber time 18	CHLRE_11g482650v5	NULL	NULL	tpms	4	Cre11.g482650	g4
E-GEOD-62671	zeitgeber time 21	CHLRE_11g482650v5	NULL	NULL	tpms	11	Cre11.g482650	g5
E-GEOD-62671	zeitgeber time 3	CHLRE_11g482650v5	NULL	NULL	tpms	15	Cre11.g482650	g6
E-GEOD-62671	zeitgeber time 6	CHLRE_11g482650v5	NULL	NULL	tpms	46	Cre11.g482650	g7
E-GEOD-62671	zeitgeber time 9	CHLRE_11g482650v5	0.2925	34	tpms	156	Cre11.g482650	g8
E-GEOD-62671	zeitgeber time 0	CHLRE_16g694550v5	NULL	NULL	tpms	0.3	Cre16.g694550	g1
E-GEOD-62671	zeitgeber time 12	CHLRE_16g694550v5	NULL	NULL	tpms	2	Cre16.g694550	g2
E-GEOD-62671	zeitgeber time 15	CHLRE_16g694550v5	NULL	NULL	tpms	2	Cre16.g694550	g3
E-GEOD-62671	zeitgeber time 18	CHLRE_16g694550v5	NULL	NULL	tpms	0.5	Cre16.g694550	g4
E-GEOD-62671	zeitgeber time 21	CHLRE_16g694550v5	NULL	NULL	tpms	0.6	Cre16.g694550	g5
E-GEOD-62671	zeitgeber time 3	CHLRE_16g694550v5	NULL	NULL	tpms	0.7	Cre16.g694550	g6
E-GEOD-62671	zeitgeber time 6	CHLRE_16g694550v5	NULL	NULL	tpms	1	Cre16.g694550	g7
E-GEOD-62671	zeitgeber time 9	CHLRE_16g694550v5	0.2998	35	tpms	6	Cre16.g694550	g8
